	variant_start_aligned	variant_end_aligned	variant_type	aa_ref	aa_variant	variant_size	aa_pos_ref_start	aa_pos_ref_end	aa_pos_query_start	aa_pos_query_end	nt_pos_ref_start	nt_pos_ref_end	nt_pos_query_start	nt_pos_query_end	nt_pattern	aa_pattern	ID	target_gene	target_gene_start
0	69	70	D	HV	--	2	69	70	68	68	205	210	202	0	del:205:6	HV69-70del	IMS-10215-CVDP-F57B3495-536D-48A4-BDD6-157EF17095EA	S	21554
1	144	144	D	Y	-	1	144	144	142	142	430	432	424	0	del:430:3	Y144-144del	IMS-10215-CVDP-F57B3495-536D-48A4-BDD6-157EF17095EA	S	21554
2	501	501	M	N	Y	1	501	501	498	498	1501	1503	1492	1494	A1501T	N501Y	IMS-10215-CVDP-F57B3495-536D-48A4-BDD6-157EF17095EA	S	21554
3	570	570	M	A	D	1	570	570	567	567	1708	1710	1699	1701	C1709A	A570D	IMS-10215-CVDP-F57B3495-536D-48A4-BDD6-157EF17095EA	S	21554
4	614	614	M	D	G	1	614	614	611	611	1840	1842	1831	1833	A1841G	D614G	IMS-10215-CVDP-F57B3495-536D-48A4-BDD6-157EF17095EA	S	21554
5	681	681	M	P	H	1	681	681	678	678	2041	2043	2032	2034	C2042A	P681H	IMS-10215-CVDP-F57B3495-536D-48A4-BDD6-157EF17095EA	S	21554
6	716	716	M	T	I	1	716	716	713	713	2146	2148	2137	2139	C2147T	T716I	IMS-10215-CVDP-F57B3495-536D-48A4-BDD6-157EF17095EA	S	21554
7	982	982	M	S	A	1	982	982	979	979	2944	2946	2935	2937	T2944G	S982A	IMS-10215-CVDP-F57B3495-536D-48A4-BDD6-157EF17095EA	S	21554
8	1118	1118	M	D	H	1	1118	1118	1115	1115	3352	3354	3343	3345	G3352C	D1118H	IMS-10215-CVDP-F57B3495-536D-48A4-BDD6-157EF17095EA	S	21554
9	1226	1226	M	A	V	1	1226	1226	1223	1223	3676	3678	3667	3669	C3677T	A1226V	IMS-10215-CVDP-F57B3495-536D-48A4-BDD6-157EF17095EA	S	21554
10	69	70	D	HV	--	2	69	70	68	68	205	210	202	0	del:205:6	HV69-70del	IMS-10215-CVDP-34D7A627-91A0-4B7C-8CAB-3D0683513931	S	21563
11	372	372	M	A	T	1	372	372	370	370	1114	1116	1108	1110	G1114A	A372T	IMS-10215-CVDP-34D7A627-91A0-4B7C-8CAB-3D0683513931	S	21563
12	439	439	M	N	K	1	439	439	437	437	1315	1317	1309	1311	C1317A	N439K	IMS-10215-CVDP-34D7A627-91A0-4B7C-8CAB-3D0683513931	S	21563
13	614	614	M	D	G	1	614	614	612	612	1840	1842	1834	1836	A1841G	D614G	IMS-10215-CVDP-34D7A627-91A0-4B7C-8CAB-3D0683513931	S	21563
14	692	692	M	I	F	1	692	692	690	690	2074	2076	2068	2070	A2074T	I692F	IMS-10215-CVDP-34D7A627-91A0-4B7C-8CAB-3D0683513931	S	21563
15	1169	1169	M	I	V	1	1169	1169	1167	1167	3505	3507	3499	3501	A3505G	I1169V	IMS-10215-CVDP-34D7A627-91A0-4B7C-8CAB-3D0683513931	S	21563
16	69	70	D	HV	--	2	69	70	68	68	205	210	202	0	del:205:6	HV69-70del	IMS-10215-CVDP-767582B7-CF57-4817-900C-9BBB23B54A3E	S	21554
17	144	144	D	Y	-	1	144	144	142	142	430	432	424	0	del:430:3	Y144-144del	IMS-10215-CVDP-767582B7-CF57-4817-900C-9BBB23B54A3E	S	21554
18	145	145	M	Y	H	1	145	145	142	142	433	435	424	426	T433C	Y145H	IMS-10215-CVDP-767582B7-CF57-4817-900C-9BBB23B54A3E	S	21554
19	501	501	M	N	Y	1	501	501	498	498	1501	1503	1492	1494	A1501T	N501Y	IMS-10215-CVDP-767582B7-CF57-4817-900C-9BBB23B54A3E	S	21554
20	570	570	M	A	D	1	570	570	567	567	1708	1710	1699	1701	C1709A	A570D	IMS-10215-CVDP-767582B7-CF57-4817-900C-9BBB23B54A3E	S	21554
21	614	614	M	D	G	1	614	614	611	611	1840	1842	1831	1833	A1841G	D614G	IMS-10215-CVDP-767582B7-CF57-4817-900C-9BBB23B54A3E	S	21554
22	681	681	M	P	H	1	681	681	678	678	2041	2043	2032	2034	C2042A	P681H	IMS-10215-CVDP-767582B7-CF57-4817-900C-9BBB23B54A3E	S	21554
23	716	716	M	T	I	1	716	716	713	713	2146	2148	2137	2139	C2147T	T716I	IMS-10215-CVDP-767582B7-CF57-4817-900C-9BBB23B54A3E	S	21554
24	879	879	M	A	S	1	879	879	876	876	2635	2637	2626	2628	G2635T	A879S	IMS-10215-CVDP-767582B7-CF57-4817-900C-9BBB23B54A3E	S	21554
25	982	982	M	S	A	1	982	982	979	979	2944	2946	2935	2937	T2944G	S982A	IMS-10215-CVDP-767582B7-CF57-4817-900C-9BBB23B54A3E	S	21554
26	1118	1118	M	D	H	1	1118	1118	1115	1115	3352	3354	3343	3345	G3352C	D1118H	IMS-10215-CVDP-767582B7-CF57-4817-900C-9BBB23B54A3E	S	21554
27	69	70	D	HV	--	2	69	70	68	68	205	210	202	0	del:205:6	HV69-70del	IMS-10215-CVDP-C8C9F78D-4D98-4768-88B4-1B923BCE4624	S	21554
28	501	501	M	N	Y	1	501	501	499	499	1501	1503	1495	1497	A1501T	N501Y	IMS-10215-CVDP-C8C9F78D-4D98-4768-88B4-1B923BCE4624	S	21554
29	570	570	M	A	D	1	570	570	568	568	1708	1710	1702	1704	C1709A	A570D	IMS-10215-CVDP-C8C9F78D-4D98-4768-88B4-1B923BCE4624	S	21554
30	614	614	M	D	G	1	614	614	612	612	1840	1842	1834	1836	A1841G	D614G	IMS-10215-CVDP-C8C9F78D-4D98-4768-88B4-1B923BCE4624	S	21554
31	681	681	M	P	H	1	681	681	679	679	2041	2043	2035	2037	C2042A	P681H	IMS-10215-CVDP-C8C9F78D-4D98-4768-88B4-1B923BCE4624	S	21554
32	716	716	M	T	I	1	716	716	714	714	2146	2148	2140	2142	C2147T	T716I	IMS-10215-CVDP-C8C9F78D-4D98-4768-88B4-1B923BCE4624	S	21554
33	982	982	M	S	A	1	982	982	980	980	2944	2946	2938	2940	T2944G	S982A	IMS-10215-CVDP-C8C9F78D-4D98-4768-88B4-1B923BCE4624	S	21554
34	1118	1118	M	D	H	1	1118	1118	1116	1116	3352	3354	3346	3348	G3352C	D1118H	IMS-10215-CVDP-C8C9F78D-4D98-4768-88B4-1B923BCE4624	S	21554
35	69	70	D	HV	--	2	69	70	68	68	205	210	202	0	del:205:6	HV69-70del	IMS-10215-CVDP-918EDDD2-695D-43A2-88BF-B928216A34B9	S	21554
36	98	98	M	S	F	1	98	98	96	96	292	294	286	288	C293T	S98F	IMS-10215-CVDP-918EDDD2-695D-43A2-88BF-B928216A34B9	S	21554
37	501	501	M	N	Y	1	501	501	499	499	1501	1503	1495	1497	A1501T	N501Y	IMS-10215-CVDP-918EDDD2-695D-43A2-88BF-B928216A34B9	S	21554
38	570	570	M	A	D	1	570	570	568	568	1708	1710	1702	1704	C1709A	A570D	IMS-10215-CVDP-918EDDD2-695D-43A2-88BF-B928216A34B9	S	21554
39	614	614	M	D	G	1	614	614	612	612	1840	1842	1834	1836	A1841G	D614G	IMS-10215-CVDP-918EDDD2-695D-43A2-88BF-B928216A34B9	S	21554
40	681	681	M	P	H	1	681	681	679	679	2041	2043	2035	2037	C2042A	P681H	IMS-10215-CVDP-918EDDD2-695D-43A2-88BF-B928216A34B9	S	21554
41	716	716	M	T	I	1	716	716	714	714	2146	2148	2140	2142	C2147T	T716I	IMS-10215-CVDP-918EDDD2-695D-43A2-88BF-B928216A34B9	S	21554
42	982	982	M	S	A	1	982	982	980	980	2944	2946	2938	2940	T2944G	S982A	IMS-10215-CVDP-918EDDD2-695D-43A2-88BF-B928216A34B9	S	21554
43	1118	1118	M	D	H	1	1118	1118	1116	1116	3352	3354	3346	3348	G3352C	D1118H	IMS-10215-CVDP-918EDDD2-695D-43A2-88BF-B928216A34B9	S	21554
44	69	70	D	HV	--	2	69	70	68	68	205	210	202	0	del:205:6	HV69-70del	IMS-10215-CVDP-3D732321-4B2A-4CC3-AD6F-9CED6D933B43	S	21554
45	501	501	M	N	Y	1	501	501	499	499	1501	1503	1495	1497	A1501T	N501Y	IMS-10215-CVDP-3D732321-4B2A-4CC3-AD6F-9CED6D933B43	S	21554
46	570	570	M	A	D	1	570	570	568	568	1708	1710	1702	1704	C1709A	A570D	IMS-10215-CVDP-3D732321-4B2A-4CC3-AD6F-9CED6D933B43	S	21554
47	614	614	M	D	G	1	614	614	612	612	1840	1842	1834	1836	A1841G	D614G	IMS-10215-CVDP-3D732321-4B2A-4CC3-AD6F-9CED6D933B43	S	21554
48	681	681	M	P	H	1	681	681	679	679	2041	2043	2035	2037	C2042A	P681H	IMS-10215-CVDP-3D732321-4B2A-4CC3-AD6F-9CED6D933B43	S	21554
49	701	701	M	A	V	1	701	701	699	699	2101	2103	2095	2097	C2102T	A701V	IMS-10215-CVDP-3D732321-4B2A-4CC3-AD6F-9CED6D933B43	S	21554
50	716	716	M	T	I	1	716	716	714	714	2146	2148	2140	2142	C2147T	T716I	IMS-10215-CVDP-3D732321-4B2A-4CC3-AD6F-9CED6D933B43	S	21554
51	982	982	M	S	A	1	982	982	980	980	2944	2946	2938	2940	T2944G	S982A	IMS-10215-CVDP-3D732321-4B2A-4CC3-AD6F-9CED6D933B43	S	21554
52	1118	1118	M	D	H	1	1118	1118	1116	1116	3352	3354	3346	3348	G3352C	D1118H	IMS-10215-CVDP-3D732321-4B2A-4CC3-AD6F-9CED6D933B43	S	21554
53	69	70	D	HV	--	2	69	70	68	68	205	210	202	0	del:205:6	HV69-70del	IMS-10215-CVDP-A7CEA6D5-693B-4D62-9110-B6404E2511D1	S	21554
54	501	501	M	N	Y	1	501	501	499	499	1501	1503	1495	1497	A1501T	N501Y	IMS-10215-CVDP-A7CEA6D5-693B-4D62-9110-B6404E2511D1	S	21554
55	570	570	M	A	D	1	570	570	568	568	1708	1710	1702	1704	C1709A	A570D	IMS-10215-CVDP-A7CEA6D5-693B-4D62-9110-B6404E2511D1	S	21554
56	614	614	M	D	G	1	614	614	612	612	1840	1842	1834	1836	A1841G	D614G	IMS-10215-CVDP-A7CEA6D5-693B-4D62-9110-B6404E2511D1	S	21554
57	681	681	M	P	H	1	681	681	679	679	2041	2043	2035	2037	C2042A	P681H	IMS-10215-CVDP-A7CEA6D5-693B-4D62-9110-B6404E2511D1	S	21554
58	716	716	M	T	I	1	716	716	714	714	2146	2148	2140	2142	C2147T	T716I	IMS-10215-CVDP-A7CEA6D5-693B-4D62-9110-B6404E2511D1	S	21554
59	982	982	M	S	A	1	982	982	980	980	2944	2946	2938	2940	T2944G	S982A	IMS-10215-CVDP-A7CEA6D5-693B-4D62-9110-B6404E2511D1	S	21554
60	1118	1118	M	D	H	1	1118	1118	1116	1116	3352	3354	3346	3348	G3352C	D1118H	IMS-10215-CVDP-A7CEA6D5-693B-4D62-9110-B6404E2511D1	S	21554
61	69	70	D	HV	--	2	69	70	68	68	205	210	202	0	del:205:6	HV69-70del	IMS-10215-CVDP-23A624D0-0BF4-4F57-A2C6-A1711AE4452A	S	21554
62	97	97	M	K	R	1	97	97	95	95	289	291	283	285	A290G	K97R	IMS-10215-CVDP-23A624D0-0BF4-4F57-A2C6-A1711AE4452A	S	21554
63	501	501	M	N	Y	1	501	501	499	499	1501	1503	1495	1497	A1501T	N501Y	IMS-10215-CVDP-23A624D0-0BF4-4F57-A2C6-A1711AE4452A	S	21554
64	570	570	M	A	D	1	570	570	568	568	1708	1710	1702	1704	C1709A	A570D	IMS-10215-CVDP-23A624D0-0BF4-4F57-A2C6-A1711AE4452A	S	21554
65	614	614	M	D	G	1	614	614	612	612	1840	1842	1834	1836	A1841G	D614G	IMS-10215-CVDP-23A624D0-0BF4-4F57-A2C6-A1711AE4452A	S	21554
66	681	681	M	P	H	1	681	681	679	679	2041	2043	2035	2037	C2042A	P681H	IMS-10215-CVDP-23A624D0-0BF4-4F57-A2C6-A1711AE4452A	S	21554
67	716	716	M	T	I	1	716	716	714	714	2146	2148	2140	2142	C2147T	T716I	IMS-10215-CVDP-23A624D0-0BF4-4F57-A2C6-A1711AE4452A	S	21554
68	982	982	M	S	A	1	982	982	980	980	2944	2946	2938	2940	T2944G	S982A	IMS-10215-CVDP-23A624D0-0BF4-4F57-A2C6-A1711AE4452A	S	21554
69	1118	1118	M	D	H	1	1118	1118	1116	1116	3352	3354	3346	3348	G3352C	D1118H	IMS-10215-CVDP-23A624D0-0BF4-4F57-A2C6-A1711AE4452A	S	21554
70	27	27	M	A	S	1	27	27	27	27	79	81	79	81	G79T	A27S	IMS-10215-CVDP-3190B38C-7C9C-400A-B41C-E418940EAB7A	S	21554
71	69	70	D	HV	--	2	69	70	68	68	205	210	202	0	del:205:6	HV69-70del	IMS-10215-CVDP-3190B38C-7C9C-400A-B41C-E418940EAB7A	S	21554
72	501	501	M	N	Y	1	501	501	499	499	1501	1503	1495	1497	A1501T	N501Y	IMS-10215-CVDP-3190B38C-7C9C-400A-B41C-E418940EAB7A	S	21554
73	570	570	M	A	D	1	570	570	568	568	1708	1710	1702	1704	C1709A	A570D	IMS-10215-CVDP-3190B38C-7C9C-400A-B41C-E418940EAB7A	S	21554
74	614	614	M	D	G	1	614	614	612	612	1840	1842	1834	1836	A1841G	D614G	IMS-10215-CVDP-3190B38C-7C9C-400A-B41C-E418940EAB7A	S	21554
75	681	681	M	P	H	1	681	681	679	679	2041	2043	2035	2037	C2042A	P681H	IMS-10215-CVDP-3190B38C-7C9C-400A-B41C-E418940EAB7A	S	21554
76	716	716	M	T	I	1	716	716	714	714	2146	2148	2140	2142	C2147T	T716I	IMS-10215-CVDP-3190B38C-7C9C-400A-B41C-E418940EAB7A	S	21554
77	982	982	M	S	A	1	982	982	980	980	2944	2946	2938	2940	T2944G	S982A	IMS-10215-CVDP-3190B38C-7C9C-400A-B41C-E418940EAB7A	S	21554
78	1118	1118	M	D	H	1	1118	1118	1116	1116	3352	3354	3346	3348	G3352C	D1118H	IMS-10215-CVDP-3190B38C-7C9C-400A-B41C-E418940EAB7A	S	21554
79	69	70	D	HV	--	2	69	70	68	68	205	210	202	0	del:205:6	HV69-70del	IMS-10215-CVDP-FF580F8B-5940-4ED6-B7B4-6EB1BF0FC73F	S	21554
80	138	138	M	D	Y	1	138	138	136	136	412	414	406	408	G412T	D138Y	IMS-10215-CVDP-FF580F8B-5940-4ED6-B7B4-6EB1BF0FC73F	S	21554
81	501	501	M	N	Y	1	501	501	499	499	1501	1503	1495	1497	A1501T	N501Y	IMS-10215-CVDP-FF580F8B-5940-4ED6-B7B4-6EB1BF0FC73F	S	21554
82	570	570	M	A	D	1	570	570	568	568	1708	1710	1702	1704	C1709A	A570D	IMS-10215-CVDP-FF580F8B-5940-4ED6-B7B4-6EB1BF0FC73F	S	21554
83	614	614	M	D	G	1	614	614	612	612	1840	1842	1834	1836	A1841G	D614G	IMS-10215-CVDP-FF580F8B-5940-4ED6-B7B4-6EB1BF0FC73F	S	21554
84	681	681	M	P	H	1	681	681	679	679	2041	2043	2035	2037	C2042A	P681H	IMS-10215-CVDP-FF580F8B-5940-4ED6-B7B4-6EB1BF0FC73F	S	21554
85	701	701	M	A	V	1	701	701	699	699	2101	2103	2095	2097	C2102T	A701V	IMS-10215-CVDP-FF580F8B-5940-4ED6-B7B4-6EB1BF0FC73F	S	21554
86	716	716	M	T	I	1	716	716	714	714	2146	2148	2140	2142	C2147T	T716I	IMS-10215-CVDP-FF580F8B-5940-4ED6-B7B4-6EB1BF0FC73F	S	21554
87	982	982	M	S	A	1	982	982	980	980	2944	2946	2938	2940	T2944G	S982A	IMS-10215-CVDP-FF580F8B-5940-4ED6-B7B4-6EB1BF0FC73F	S	21554
88	1118	1118	M	D	H	1	1118	1118	1116	1116	3352	3354	3346	3348	G3352C	D1118H	IMS-10215-CVDP-FF580F8B-5940-4ED6-B7B4-6EB1BF0FC73F	S	21554
89	69	70	D	HV	--	2	69	70	68	68	205	210	202	0	del:205:6	HV69-70del	IMS-10215-CVDP-308635BF-0FD5-4095-92CF-C13C2E1B881B	S	21554
90	138	138	M	D	Y	1	138	138	136	136	412	414	406	408	G412T	D138Y	IMS-10215-CVDP-308635BF-0FD5-4095-92CF-C13C2E1B881B	S	21554
91	501	501	M	N	Y	1	501	501	499	499	1501	1503	1495	1497	A1501T	N501Y	IMS-10215-CVDP-308635BF-0FD5-4095-92CF-C13C2E1B881B	S	21554
92	570	570	M	A	D	1	570	570	568	568	1708	1710	1702	1704	C1709A	A570D	IMS-10215-CVDP-308635BF-0FD5-4095-92CF-C13C2E1B881B	S	21554
93	614	614	M	D	G	1	614	614	612	612	1840	1842	1834	1836	A1841G	D614G	IMS-10215-CVDP-308635BF-0FD5-4095-92CF-C13C2E1B881B	S	21554
94	681	681	M	P	H	1	681	681	679	679	2041	2043	2035	2037	C2042A	P681H	IMS-10215-CVDP-308635BF-0FD5-4095-92CF-C13C2E1B881B	S	21554
95	701	701	M	A	V	1	701	701	699	699	2101	2103	2095	2097	C2102T	A701V	IMS-10215-CVDP-308635BF-0FD5-4095-92CF-C13C2E1B881B	S	21554
96	716	716	M	T	I	1	716	716	714	714	2146	2148	2140	2142	C2147T	T716I	IMS-10215-CVDP-308635BF-0FD5-4095-92CF-C13C2E1B881B	S	21554
97	982	982	M	S	A	1	982	982	980	980	2944	2946	2938	2940	T2944G	S982A	IMS-10215-CVDP-308635BF-0FD5-4095-92CF-C13C2E1B881B	S	21554
98	1118	1118	M	D	H	1	1118	1118	1116	1116	3352	3354	3346	3348	G3352C	D1118H	IMS-10215-CVDP-308635BF-0FD5-4095-92CF-C13C2E1B881B	S	21554
99	69	70	D	HV	--	2	69	70	68	68	205	210	202	0	del:205:6	HV69-70del	IMS-10215-CVDP-5A9C403D-8F1A-4236-A4CE-3050CC4ACED7	S	21554
100	501	501	M	N	Y	1	501	501	499	499	1501	1503	1495	1497	A1501T	N501Y	IMS-10215-CVDP-5A9C403D-8F1A-4236-A4CE-3050CC4ACED7	S	21554
101	570	570	M	A	D	1	570	570	568	568	1708	1710	1702	1704	C1709A	A570D	IMS-10215-CVDP-5A9C403D-8F1A-4236-A4CE-3050CC4ACED7	S	21554
102	614	614	M	D	G	1	614	614	612	612	1840	1842	1834	1836	A1841G	D614G	IMS-10215-CVDP-5A9C403D-8F1A-4236-A4CE-3050CC4ACED7	S	21554
103	681	681	M	P	H	1	681	681	679	679	2041	2043	2035	2037	C2042A	P681H	IMS-10215-CVDP-5A9C403D-8F1A-4236-A4CE-3050CC4ACED7	S	21554
104	982	982	M	S	A	1	982	982	980	980	2944	2946	2938	2940	T2944G	S982A	IMS-10215-CVDP-5A9C403D-8F1A-4236-A4CE-3050CC4ACED7	S	21554
105	1118	1118	M	D	H	1	1118	1118	1116	1116	3352	3354	3346	3348	G3352C	D1118H	IMS-10215-CVDP-5A9C403D-8F1A-4236-A4CE-3050CC4ACED7	S	21554
106	69	70	D	HV	--	2	69	70	68	68	205	210	202	0	del:205:6	HV69-70del	IMS-10215-CVDP-C344D2B2-9A11-4611-A3BA-92B486765159	S	21554
107	501	501	M	N	Y	1	501	501	499	499	1501	1503	1495	1497	A1501T	N501Y	IMS-10215-CVDP-C344D2B2-9A11-4611-A3BA-92B486765159	S	21554
108	570	570	M	A	D	1	570	570	568	568	1708	1710	1702	1704	C1709A	A570D	IMS-10215-CVDP-C344D2B2-9A11-4611-A3BA-92B486765159	S	21554
109	614	614	M	D	G	1	614	614	612	612	1840	1842	1834	1836	A1841G	D614G	IMS-10215-CVDP-C344D2B2-9A11-4611-A3BA-92B486765159	S	21554
110	681	681	M	P	H	1	681	681	679	679	2041	2043	2035	2037	C2042A	P681H	IMS-10215-CVDP-C344D2B2-9A11-4611-A3BA-92B486765159	S	21554
111	982	982	M	S	A	1	982	982	980	980	2944	2946	2938	2940	T2944G	S982A	IMS-10215-CVDP-C344D2B2-9A11-4611-A3BA-92B486765159	S	21554
112	1118	1118	M	D	H	1	1118	1118	1116	1116	3352	3354	3346	3348	G3352C	D1118H	IMS-10215-CVDP-C344D2B2-9A11-4611-A3BA-92B486765159	S	21554
113	69	70	D	HV	--	2	69	70	68	68	205	210	202	0	del:205:6	HV69-70del	IMS-10215-CVDP-9295959D-77EF-4671-80F4-AE29290246E3	S	21554
114	111	111	M	D	N	1	111	111	109	109	331	333	325	327	G331A	D111N	IMS-10215-CVDP-9295959D-77EF-4671-80F4-AE29290246E3	S	21554
115	501	501	M	N	Y	1	501	501	499	499	1501	1503	1495	1497	A1501T	N501Y	IMS-10215-CVDP-9295959D-77EF-4671-80F4-AE29290246E3	S	21554
116	570	570	M	A	D	1	570	570	568	568	1708	1710	1702	1704	C1709A	A570D	IMS-10215-CVDP-9295959D-77EF-4671-80F4-AE29290246E3	S	21554
117	614	614	M	D	G	1	614	614	612	612	1840	1842	1834	1836	A1841G	D614G	IMS-10215-CVDP-9295959D-77EF-4671-80F4-AE29290246E3	S	21554
118	681	681	M	P	H	1	681	681	679	679	2041	2043	2035	2037	C2042A	P681H	IMS-10215-CVDP-9295959D-77EF-4671-80F4-AE29290246E3	S	21554
119	716	716	M	T	I	1	716	716	714	714	2146	2148	2140	2142	C2147T	T716I	IMS-10215-CVDP-9295959D-77EF-4671-80F4-AE29290246E3	S	21554
120	982	982	M	S	A	1	982	982	980	980	2944	2946	2938	2940	T2944G	S982A	IMS-10215-CVDP-9295959D-77EF-4671-80F4-AE29290246E3	S	21554
121	1118	1118	M	D	H	1	1118	1118	1116	1116	3352	3354	3346	3348	G3352C	D1118H	IMS-10215-CVDP-9295959D-77EF-4671-80F4-AE29290246E3	S	21554
122	69	70	D	HV	--	2	69	70	68	68	205	210	202	0	del:205:6	HV69-70del	IMS-10215-CVDP-570E6100-AC47-4334-AFFF-E511746F85B7	S	21554
123	501	501	M	N	Y	1	501	501	499	499	1501	1503	1495	1497	A1501T	N501Y	IMS-10215-CVDP-570E6100-AC47-4334-AFFF-E511746F85B7	S	21554
124	570	570	M	A	D	1	570	570	568	568	1708	1710	1702	1704	C1709A	A570D	IMS-10215-CVDP-570E6100-AC47-4334-AFFF-E511746F85B7	S	21554
125	614	614	M	D	G	1	614	614	612	612	1840	1842	1834	1836	A1841G	D614G	IMS-10215-CVDP-570E6100-AC47-4334-AFFF-E511746F85B7	S	21554
126	681	681	M	P	H	1	681	681	679	679	2041	2043	2035	2037	C2042A	P681H	IMS-10215-CVDP-570E6100-AC47-4334-AFFF-E511746F85B7	S	21554
127	716	716	M	T	I	1	716	716	714	714	2146	2148	2140	2142	C2147T	T716I	IMS-10215-CVDP-570E6100-AC47-4334-AFFF-E511746F85B7	S	21554
128	982	982	M	S	A	1	982	982	980	980	2944	2946	2938	2940	T2944G	S982A	IMS-10215-CVDP-570E6100-AC47-4334-AFFF-E511746F85B7	S	21554
129	1118	1118	M	D	H	1	1118	1118	1116	1116	3352	3354	3346	3348	G3352C	D1118H	IMS-10215-CVDP-570E6100-AC47-4334-AFFF-E511746F85B7	S	21554
130	69	70	D	HV	--	2	69	70	68	68	205	210	202	0	del:205:6	HV69-70del	IMS-10215-CVDP-8ED95B86-FFC5-419A-B1AB-BB4E378F7348	S	21554
131	144	144	D	Y	-	1	144	144	142	142	430	432	424	0	del:430:3	Y144-144del	IMS-10215-CVDP-8ED95B86-FFC5-419A-B1AB-BB4E378F7348	S	21554
132	501	501	M	N	Y	1	501	501	498	498	1501	1503	1492	1494	A1501T	N501Y	IMS-10215-CVDP-8ED95B86-FFC5-419A-B1AB-BB4E378F7348	S	21554
133	570	570	M	A	D	1	570	570	567	567	1708	1710	1699	1701	C1709A	A570D	IMS-10215-CVDP-8ED95B86-FFC5-419A-B1AB-BB4E378F7348	S	21554
134	614	614	M	D	G	1	614	614	611	611	1840	1842	1831	1833	A1841G	D614G	IMS-10215-CVDP-8ED95B86-FFC5-419A-B1AB-BB4E378F7348	S	21554
135	681	681	M	P	H	1	681	681	678	678	2041	2043	2032	2034	C2042A	P681H	IMS-10215-CVDP-8ED95B86-FFC5-419A-B1AB-BB4E378F7348	S	21554
136	716	716	M	T	I	1	716	716	713	713	2146	2148	2137	2139	C2147T	T716I	IMS-10215-CVDP-8ED95B86-FFC5-419A-B1AB-BB4E378F7348	S	21554
137	982	982	M	S	A	1	982	982	979	979	2944	2946	2935	2937	T2944G	S982A	IMS-10215-CVDP-8ED95B86-FFC5-419A-B1AB-BB4E378F7348	S	21554
138	1118	1118	M	D	H	1	1118	1118	1115	1115	3352	3354	3343	3345	G3352C	D1118H	IMS-10215-CVDP-8ED95B86-FFC5-419A-B1AB-BB4E378F7348	S	21554
139	69	70	D	HV	--	2	69	70	68	68	205	210	202	0	del:205:6	HV69-70del	IMS-10215-CVDP-FE85ACD1-AEFB-4DBE-80BB-89104D6633BB	S	21554
140	501	501	M	N	Y	1	501	501	499	499	1501	1503	1495	1497	A1501T	N501Y	IMS-10215-CVDP-FE85ACD1-AEFB-4DBE-80BB-89104D6633BB	S	21554
141	570	570	M	A	D	1	570	570	568	568	1708	1710	1702	1704	C1709A	A570D	IMS-10215-CVDP-FE85ACD1-AEFB-4DBE-80BB-89104D6633BB	S	21554
142	614	614	M	D	G	1	614	614	612	612	1840	1842	1834	1836	A1841G	D614G	IMS-10215-CVDP-FE85ACD1-AEFB-4DBE-80BB-89104D6633BB	S	21554
143	681	681	M	P	H	1	681	681	679	679	2041	2043	2035	2037	C2042A	P681H	IMS-10215-CVDP-FE85ACD1-AEFB-4DBE-80BB-89104D6633BB	S	21554
144	982	982	M	S	A	1	982	982	980	980	2944	2946	2938	2940	T2944G	S982A	IMS-10215-CVDP-FE85ACD1-AEFB-4DBE-80BB-89104D6633BB	S	21554
145	1118	1118	M	D	H	1	1118	1118	1116	1116	3352	3354	3346	3348	G3352C	D1118H	IMS-10215-CVDP-FE85ACD1-AEFB-4DBE-80BB-89104D6633BB	S	21554
146	69	70	D	HV	--	2	69	70	68	68	205	210	202	0	del:205:6	HV69-70del	IMS-10215-CVDP-77EFB84D-4BBF-4114-88CF-37BAB079CC5F	S	21554
147	144	144	D	Y	-	1	144	144	142	142	430	432	424	0	del:430:3	Y144-144del	IMS-10215-CVDP-77EFB84D-4BBF-4114-88CF-37BAB079CC5F	S	21554
148	501	501	M	N	Y	1	501	501	498	498	1501	1503	1492	1494	A1501T	N501Y	IMS-10215-CVDP-77EFB84D-4BBF-4114-88CF-37BAB079CC5F	S	21554
149	570	570	M	A	D	1	570	570	567	567	1708	1710	1699	1701	C1709A	A570D	IMS-10215-CVDP-77EFB84D-4BBF-4114-88CF-37BAB079CC5F	S	21554
150	614	614	M	D	G	1	614	614	611	611	1840	1842	1831	1833	A1841G	D614G	IMS-10215-CVDP-77EFB84D-4BBF-4114-88CF-37BAB079CC5F	S	21554
151	681	681	M	P	H	1	681	681	678	678	2041	2043	2032	2034	C2042A	P681H	IMS-10215-CVDP-77EFB84D-4BBF-4114-88CF-37BAB079CC5F	S	21554
152	982	982	M	S	A	1	982	982	979	979	2944	2946	2935	2937	T2944G	S982A	IMS-10215-CVDP-77EFB84D-4BBF-4114-88CF-37BAB079CC5F	S	21554
153	1118	1118	M	D	H	1	1118	1118	1115	1115	3352	3354	3343	3345	G3352C	D1118H	IMS-10215-CVDP-77EFB84D-4BBF-4114-88CF-37BAB079CC5F	S	21554
154	69	70	D	HV	--	2	69	70	68	68	205	210	202	0	del:205:6	HV69-70del	IMS-10215-CVDP-3E5820A7-842F-447E-899B-032F6230AFDF	S	21554
155	501	501	M	N	Y	1	501	501	499	499	1501	1503	1495	1497	A1501T	N501Y	IMS-10215-CVDP-3E5820A7-842F-447E-899B-032F6230AFDF	S	21554
156	570	570	M	A	D	1	570	570	568	568	1708	1710	1702	1704	C1709A	A570D	IMS-10215-CVDP-3E5820A7-842F-447E-899B-032F6230AFDF	S	21554
157	614	614	M	D	G	1	614	614	612	612	1840	1842	1834	1836	A1841G	D614G	IMS-10215-CVDP-3E5820A7-842F-447E-899B-032F6230AFDF	S	21554
158	681	681	M	P	H	1	681	681	679	679	2041	2043	2035	2037	C2042A	P681H	IMS-10215-CVDP-3E5820A7-842F-447E-899B-032F6230AFDF	S	21554
159	716	716	M	T	I	1	716	716	714	714	2146	2148	2140	2142	C2147T	T716I	IMS-10215-CVDP-3E5820A7-842F-447E-899B-032F6230AFDF	S	21554
160	982	982	M	S	A	1	982	982	980	980	2944	2946	2938	2940	T2944G	S982A	IMS-10215-CVDP-3E5820A7-842F-447E-899B-032F6230AFDF	S	21554
161	1091	1091	M	R	L	1	1091	1091	1089	1089	3271	3273	3265	3267	G3272T	R1091L	IMS-10215-CVDP-3E5820A7-842F-447E-899B-032F6230AFDF	S	21554
162	1118	1118	M	D	H	1	1118	1118	1116	1116	3352	3354	3346	3348	G3352C	D1118H	IMS-10215-CVDP-3E5820A7-842F-447E-899B-032F6230AFDF	S	21554
163	69	70	D	HV	--	2	69	70	68	68	205	210	202	0	del:205:6	HV69-70del	IMS-10215-CVDP-6DA3B5C4-E02E-459A-BFB0-E0DF25240C7A	S	21554
164	138	138	M	D	Y	1	138	138	136	136	412	414	406	408	G412T	D138Y	IMS-10215-CVDP-6DA3B5C4-E02E-459A-BFB0-E0DF25240C7A	S	21554
165	501	501	M	N	Y	1	501	501	499	499	1501	1503	1495	1497	A1501T	N501Y	IMS-10215-CVDP-6DA3B5C4-E02E-459A-BFB0-E0DF25240C7A	S	21554
166	570	570	M	A	D	1	570	570	568	568	1708	1710	1702	1704	C1709A	A570D	IMS-10215-CVDP-6DA3B5C4-E02E-459A-BFB0-E0DF25240C7A	S	21554
167	614	614	M	D	G	1	614	614	612	612	1840	1842	1834	1836	A1841G	D614G	IMS-10215-CVDP-6DA3B5C4-E02E-459A-BFB0-E0DF25240C7A	S	21554
168	681	681	M	P	H	1	681	681	679	679	2041	2043	2035	2037	C2042A	P681H	IMS-10215-CVDP-6DA3B5C4-E02E-459A-BFB0-E0DF25240C7A	S	21554
169	701	701	M	A	V	1	701	701	699	699	2101	2103	2095	2097	C2102T	A701V	IMS-10215-CVDP-6DA3B5C4-E02E-459A-BFB0-E0DF25240C7A	S	21554
170	716	716	M	T	I	1	716	716	714	714	2146	2148	2140	2142	C2147T	T716I	IMS-10215-CVDP-6DA3B5C4-E02E-459A-BFB0-E0DF25240C7A	S	21554
171	794	836	D	TGIAVEQDKNTQEVFAQVKQIYKTPPIKDFGGFNFSQILPDPS	-------------------------------------------	43	768	810	792	792	2302	2430	2374	0	del:2302:129	TGIAVEQDKNTQEVFAQVKQIYKTPPIKDFGGFNFSQILPDPS768-810del	IMS-10215-CVDP-6DA3B5C4-E02E-459A-BFB0-E0DF25240C7A	S	21554
172	1008	1008	M	S	A	1	982	982	963	963	2944	2946	2887	2889	T2944G	S982A	IMS-10215-CVDP-6DA3B5C4-E02E-459A-BFB0-E0DF25240C7A	S	21554
173	1144	1144	M	D	H	1	1118	1118	1099	1099	3352	3354	3295	3297	G3352C	D1118H	IMS-10215-CVDP-6DA3B5C4-E02E-459A-BFB0-E0DF25240C7A	S	21554
174	69	70	D	HV	--	2	69	70	68	68	205	210	202	0	del:205:6	HV69-70del	IMS-10215-CVDP-9A636261-EF3E-4DA3-B55C-BBDD2838A461	S	21554
175	501	501	M	N	Y	1	501	501	499	499	1501	1503	1495	1497	A1501T	N501Y	IMS-10215-CVDP-9A636261-EF3E-4DA3-B55C-BBDD2838A461	S	21554
176	570	570	M	A	D	1	570	570	568	568	1708	1710	1702	1704	C1709A	A570D	IMS-10215-CVDP-9A636261-EF3E-4DA3-B55C-BBDD2838A461	S	21554
177	614	614	M	D	G	1	614	614	612	612	1840	1842	1834	1836	A1841G	D614G	IMS-10215-CVDP-9A636261-EF3E-4DA3-B55C-BBDD2838A461	S	21554
178	681	681	M	P	H	1	681	681	679	679	2041	2043	2035	2037	C2042A	P681H	IMS-10215-CVDP-9A636261-EF3E-4DA3-B55C-BBDD2838A461	S	21554
179	982	982	M	S	A	1	982	982	980	980	2944	2946	2938	2940	T2944G	S982A	IMS-10215-CVDP-9A636261-EF3E-4DA3-B55C-BBDD2838A461	S	21554
180	1118	1118	M	D	H	1	1118	1118	1116	1116	3352	3354	3346	3348	G3352C	D1118H	IMS-10215-CVDP-9A636261-EF3E-4DA3-B55C-BBDD2838A461	S	21554
181	69	70	D	HV	--	2	69	70	68	68	205	210	202	0	del:205:6	HV69-70del	IMS-10215-CVDP-A162EBF6-F2C4-429A-A7D3-B525A07C4BEC	S	21554
182	138	138	M	D	Y	1	138	138	136	136	412	414	406	408	G412T	D138Y	IMS-10215-CVDP-A162EBF6-F2C4-429A-A7D3-B525A07C4BEC	S	21554
183	144	144	D	Y	-	1	144	144	141	141	430	432	421	0	del:430:3	Y144-144del	IMS-10215-CVDP-A162EBF6-F2C4-429A-A7D3-B525A07C4BEC	S	21554
184	501	501	M	N	Y	1	501	501	498	498	1501	1503	1492	1494	A1501T	N501Y	IMS-10215-CVDP-A162EBF6-F2C4-429A-A7D3-B525A07C4BEC	S	21554
185	570	570	M	A	D	1	570	570	567	567	1708	1710	1699	1701	C1709A	A570D	IMS-10215-CVDP-A162EBF6-F2C4-429A-A7D3-B525A07C4BEC	S	21554
186	614	614	M	D	G	1	614	614	611	611	1840	1842	1831	1833	A1841G	D614G	IMS-10215-CVDP-A162EBF6-F2C4-429A-A7D3-B525A07C4BEC	S	21554
187	681	681	M	P	H	1	681	681	678	678	2041	2043	2032	2034	C2042A	P681H	IMS-10215-CVDP-A162EBF6-F2C4-429A-A7D3-B525A07C4BEC	S	21554
188	701	701	M	A	V	1	701	701	698	698	2101	2103	2092	2094	C2102T	A701V	IMS-10215-CVDP-A162EBF6-F2C4-429A-A7D3-B525A07C4BEC	S	21554
189	716	716	M	T	I	1	716	716	713	713	2146	2148	2137	2139	C2147T	T716I	IMS-10215-CVDP-A162EBF6-F2C4-429A-A7D3-B525A07C4BEC	S	21554
190	982	982	M	S	A	1	982	982	979	979	2944	2946	2935	2937	T2944G	S982A	IMS-10215-CVDP-A162EBF6-F2C4-429A-A7D3-B525A07C4BEC	S	21554
191	1118	1118	M	D	H	1	1118	1118	1115	1115	3352	3354	3343	3345	G3352C	D1118H	IMS-10215-CVDP-A162EBF6-F2C4-429A-A7D3-B525A07C4BEC	S	21554
192	69	70	D	HV	--	2	69	70	68	68	205	210	202	0	del:205:6	HV69-70del	IMS-10215-CVDP-A1DC3DF1-662A-4A5A-B085-B2E27E84A3DA	S	21554
193	144	144	D	Y	-	1	144	144	142	142	430	432	424	0	del:430:3	Y144-144del	IMS-10215-CVDP-A1DC3DF1-662A-4A5A-B085-B2E27E84A3DA	S	21554
194	501	501	M	N	Y	1	501	501	498	498	1501	1503	1492	1494	A1501T	N501Y	IMS-10215-CVDP-A1DC3DF1-662A-4A5A-B085-B2E27E84A3DA	S	21554
195	570	570	M	A	D	1	570	570	567	567	1708	1710	1699	1701	C1709A	A570D	IMS-10215-CVDP-A1DC3DF1-662A-4A5A-B085-B2E27E84A3DA	S	21554
196	614	614	M	D	G	1	614	614	611	611	1840	1842	1831	1833	A1841G	D614G	IMS-10215-CVDP-A1DC3DF1-662A-4A5A-B085-B2E27E84A3DA	S	21554
197	681	681	M	P	H	1	681	681	678	678	2041	2043	2032	2034	C2042A	P681H	IMS-10215-CVDP-A1DC3DF1-662A-4A5A-B085-B2E27E84A3DA	S	21554
198	982	982	M	S	A	1	982	982	979	979	2944	2946	2935	2937	T2944G	S982A	IMS-10215-CVDP-A1DC3DF1-662A-4A5A-B085-B2E27E84A3DA	S	21554
199	1118	1118	M	D	H	1	1118	1118	1115	1115	3352	3354	3343	3345	G3352C	D1118H	IMS-10215-CVDP-A1DC3DF1-662A-4A5A-B085-B2E27E84A3DA	S	21554
200	69	70	D	HV	--	2	69	70	68	68	205	210	202	0	del:205:6	HV69-70del	IMS-10215-CVDP-AC3E5DAD-A2DA-4451-A143-66E731514A7E	S	21554
201	501	501	M	N	Y	1	501	501	499	499	1501	1503	1495	1497	A1501T	N501Y	IMS-10215-CVDP-AC3E5DAD-A2DA-4451-A143-66E731514A7E	S	21554
202	570	570	M	A	D	1	570	570	568	568	1708	1710	1702	1704	C1709A	A570D	IMS-10215-CVDP-AC3E5DAD-A2DA-4451-A143-66E731514A7E	S	21554
203	614	614	M	D	G	1	614	614	612	612	1840	1842	1834	1836	A1841G	D614G	IMS-10215-CVDP-AC3E5DAD-A2DA-4451-A143-66E731514A7E	S	21554
204	681	681	M	P	H	1	681	681	679	679	2041	2043	2035	2037	C2042A	P681H	IMS-10215-CVDP-AC3E5DAD-A2DA-4451-A143-66E731514A7E	S	21554
205	716	716	M	T	I	1	716	716	714	714	2146	2148	2140	2142	C2147T	T716I	IMS-10215-CVDP-AC3E5DAD-A2DA-4451-A143-66E731514A7E	S	21554
206	982	982	M	S	A	1	982	982	980	980	2944	2946	2938	2940	T2944G	S982A	IMS-10215-CVDP-AC3E5DAD-A2DA-4451-A143-66E731514A7E	S	21554
207	1118	1118	M	D	H	1	1118	1118	1116	1116	3352	3354	3346	3348	G3352C	D1118H	IMS-10215-CVDP-AC3E5DAD-A2DA-4451-A143-66E731514A7E	S	21554
208	69	70	D	HV	--	2	69	70	68	68	205	210	202	0	del:205:6	HV69-70del	IMS-10215-CVDP-AAE8581F-6756-486A-B805-8C0C016E4279	S	21554
209	501	501	M	N	Y	1	501	501	499	499	1501	1503	1495	1497	A1501T	N501Y	IMS-10215-CVDP-AAE8581F-6756-486A-B805-8C0C016E4279	S	21554
210	570	570	M	A	D	1	570	570	568	568	1708	1710	1702	1704	C1709A	A570D	IMS-10215-CVDP-AAE8581F-6756-486A-B805-8C0C016E4279	S	21554
211	614	614	M	D	G	1	614	614	612	612	1840	1842	1834	1836	A1841G	D614G	IMS-10215-CVDP-AAE8581F-6756-486A-B805-8C0C016E4279	S	21554
212	681	681	M	P	H	1	681	681	679	679	2041	2043	2035	2037	C2042A	P681H	IMS-10215-CVDP-AAE8581F-6756-486A-B805-8C0C016E4279	S	21554
213	982	982	M	S	A	1	982	982	980	980	2944	2946	2938	2940	T2944G	S982A	IMS-10215-CVDP-AAE8581F-6756-486A-B805-8C0C016E4279	S	21554
214	1118	1118	M	D	H	1	1118	1118	1116	1116	3352	3354	3346	3348	G3352C	D1118H	IMS-10215-CVDP-AAE8581F-6756-486A-B805-8C0C016E4279	S	21554
215	69	70	D	HV	--	2	69	70	68	68	205	210	202	0	del:205:6	HV69-70del	IMS-10215-CVDP-3DC01C47-9375-48AA-80B7-07A2C6DC9CA2	S	21554
216	144	144	D	Y	-	1	144	144	142	142	430	432	424	0	del:430:3	Y144-144del	IMS-10215-CVDP-3DC01C47-9375-48AA-80B7-07A2C6DC9CA2	S	21554
217	501	501	M	N	Y	1	501	501	498	498	1501	1503	1492	1494	A1501T	N501Y	IMS-10215-CVDP-3DC01C47-9375-48AA-80B7-07A2C6DC9CA2	S	21554
218	570	570	M	A	D	1	570	570	567	567	1708	1710	1699	1701	C1709A	A570D	IMS-10215-CVDP-3DC01C47-9375-48AA-80B7-07A2C6DC9CA2	S	21554
219	614	614	M	D	G	1	614	614	611	611	1840	1842	1831	1833	A1841G	D614G	IMS-10215-CVDP-3DC01C47-9375-48AA-80B7-07A2C6DC9CA2	S	21554
220	681	681	M	P	H	1	681	681	678	678	2041	2043	2032	2034	C2042A	P681H	IMS-10215-CVDP-3DC01C47-9375-48AA-80B7-07A2C6DC9CA2	S	21554
221	716	716	M	T	I	1	716	716	713	713	2146	2148	2137	2139	C2147T	T716I	IMS-10215-CVDP-3DC01C47-9375-48AA-80B7-07A2C6DC9CA2	S	21554
222	982	982	M	S	A	1	982	982	979	979	2944	2946	2935	2937	T2944G	S982A	IMS-10215-CVDP-3DC01C47-9375-48AA-80B7-07A2C6DC9CA2	S	21554
223	1091	1091	M	R	L	1	1091	1091	1088	1088	3271	3273	3262	3264	G3272T	R1091L	IMS-10215-CVDP-3DC01C47-9375-48AA-80B7-07A2C6DC9CA2	S	21554
224	1118	1118	M	D	H	1	1118	1118	1115	1115	3352	3354	3343	3345	G3352C	D1118H	IMS-10215-CVDP-3DC01C47-9375-48AA-80B7-07A2C6DC9CA2	S	21554
225	69	70	D	HV	--	2	69	70	68	68	205	210	202	0	del:205:6	HV69-70del	IMS-10215-CVDP-CF108ECD-0362-4677-8EF1-2C5DC521CFC6	S	21554
226	144	144	D	Y	-	1	144	144	142	142	430	432	424	0	del:430:3	Y144-144del	IMS-10215-CVDP-CF108ECD-0362-4677-8EF1-2C5DC521CFC6	S	21554
227	501	501	M	N	Y	1	501	501	498	498	1501	1503	1492	1494	A1501T	N501Y	IMS-10215-CVDP-CF108ECD-0362-4677-8EF1-2C5DC521CFC6	S	21554
228	570	570	M	A	D	1	570	570	567	567	1708	1710	1699	1701	C1709A	A570D	IMS-10215-CVDP-CF108ECD-0362-4677-8EF1-2C5DC521CFC6	S	21554
229	614	614	M	D	G	1	614	614	611	611	1840	1842	1831	1833	A1841G	D614G	IMS-10215-CVDP-CF108ECD-0362-4677-8EF1-2C5DC521CFC6	S	21554
230	681	681	M	P	H	1	681	681	678	678	2041	2043	2032	2034	C2042A	P681H	IMS-10215-CVDP-CF108ECD-0362-4677-8EF1-2C5DC521CFC6	S	21554
231	982	982	M	S	A	1	982	982	979	979	2944	2946	2935	2937	T2944G	S982A	IMS-10215-CVDP-CF108ECD-0362-4677-8EF1-2C5DC521CFC6	S	21554
232	1118	1118	M	D	H	1	1118	1118	1115	1115	3352	3354	3343	3345	G3352C	D1118H	IMS-10215-CVDP-CF108ECD-0362-4677-8EF1-2C5DC521CFC6	S	21554
233	69	70	D	HV	--	2	69	70	68	68	205	210	202	0	del:205:6	HV69-70del	IMS-10215-CVDP-500E0E90-529B-4910-8C94-0AF3CBE9863A	S	21554
234	145	145	M	Y	H	1	145	145	143	143	433	435	427	429	T433C	Y145H	IMS-10215-CVDP-500E0E90-529B-4910-8C94-0AF3CBE9863A	S	21554
235	501	501	M	N	Y	1	501	501	499	499	1501	1503	1495	1497	A1501T	N501Y	IMS-10215-CVDP-500E0E90-529B-4910-8C94-0AF3CBE9863A	S	21554
236	570	570	M	A	D	1	570	570	568	568	1708	1710	1702	1704	C1709A	A570D	IMS-10215-CVDP-500E0E90-529B-4910-8C94-0AF3CBE9863A	S	21554
237	614	614	M	D	G	1	614	614	612	612	1840	1842	1834	1836	A1841G	D614G	IMS-10215-CVDP-500E0E90-529B-4910-8C94-0AF3CBE9863A	S	21554
238	879	879	M	A	S	1	879	879	877	877	2635	2637	2629	2631	G2635T	A879S	IMS-10215-CVDP-500E0E90-529B-4910-8C94-0AF3CBE9863A	S	21554
239	982	982	M	S	A	1	982	982	980	980	2944	2946	2938	2940	T2944G	S982A	IMS-10215-CVDP-500E0E90-529B-4910-8C94-0AF3CBE9863A	S	21554
240	1118	1118	M	D	H	1	1118	1118	1116	1116	3352	3354	3346	3348	G3352C	D1118H	IMS-10215-CVDP-500E0E90-529B-4910-8C94-0AF3CBE9863A	S	21554
241	69	70	D	HV	--	2	69	70	68	68	205	210	202	0	del:205:6	HV69-70del	IMS-10215-CVDP-34D160E4-3FEB-404F-A6C5-CF335BD63D40	S	21554
242	501	501	M	N	Y	1	501	501	499	499	1501	1503	1495	1497	A1501T	N501Y	IMS-10215-CVDP-34D160E4-3FEB-404F-A6C5-CF335BD63D40	S	21554
243	570	570	M	A	D	1	570	570	568	568	1708	1710	1702	1704	C1709A	A570D	IMS-10215-CVDP-34D160E4-3FEB-404F-A6C5-CF335BD63D40	S	21554
244	614	614	M	D	G	1	614	614	612	612	1840	1842	1834	1836	A1841G	D614G	IMS-10215-CVDP-34D160E4-3FEB-404F-A6C5-CF335BD63D40	S	21554
245	681	681	M	P	H	1	681	681	679	679	2041	2043	2035	2037	C2042A	P681H	IMS-10215-CVDP-34D160E4-3FEB-404F-A6C5-CF335BD63D40	S	21554
246	716	716	M	T	I	1	716	716	714	714	2146	2148	2140	2142	C2147T	T716I	IMS-10215-CVDP-34D160E4-3FEB-404F-A6C5-CF335BD63D40	S	21554
247	982	982	M	S	A	1	982	982	980	980	2944	2946	2938	2940	T2944G	S982A	IMS-10215-CVDP-34D160E4-3FEB-404F-A6C5-CF335BD63D40	S	21554
248	1118	1118	M	D	H	1	1118	1118	1116	1116	3352	3354	3346	3348	G3352C	D1118H	IMS-10215-CVDP-34D160E4-3FEB-404F-A6C5-CF335BD63D40	S	21554
249	69	70	D	HV	--	2	69	70	68	68	205	210	202	0	del:205:6	HV69-70del	IMS-10215-CVDP-0B63D4BB-FA26-488E-9F12-5B2CC34105FA	S	21554
250	111	111	M	D	N	1	111	111	109	109	331	333	325	327	G331A	D111N	IMS-10215-CVDP-0B63D4BB-FA26-488E-9F12-5B2CC34105FA	S	21554
251	501	501	M	N	Y	1	501	501	499	499	1501	1503	1495	1497	A1501T	N501Y	IMS-10215-CVDP-0B63D4BB-FA26-488E-9F12-5B2CC34105FA	S	21554
252	570	570	M	A	D	1	570	570	568	568	1708	1710	1702	1704	C1709A	A570D	IMS-10215-CVDP-0B63D4BB-FA26-488E-9F12-5B2CC34105FA	S	21554
253	614	614	M	D	G	1	614	614	612	612	1840	1842	1834	1836	A1841G	D614G	IMS-10215-CVDP-0B63D4BB-FA26-488E-9F12-5B2CC34105FA	S	21554
254	681	681	M	P	H	1	681	681	679	679	2041	2043	2035	2037	C2042A	P681H	IMS-10215-CVDP-0B63D4BB-FA26-488E-9F12-5B2CC34105FA	S	21554
255	716	716	M	T	I	1	716	716	714	714	2146	2148	2140	2142	C2147T	T716I	IMS-10215-CVDP-0B63D4BB-FA26-488E-9F12-5B2CC34105FA	S	21554
256	982	982	M	S	A	1	982	982	980	980	2944	2946	2938	2940	T2944G	S982A	IMS-10215-CVDP-0B63D4BB-FA26-488E-9F12-5B2CC34105FA	S	21554
257	1118	1118	M	D	H	1	1118	1118	1116	1116	3352	3354	3346	3348	G3352C	D1118H	IMS-10215-CVDP-0B63D4BB-FA26-488E-9F12-5B2CC34105FA	S	21554
