Gene,Position,FEL,MEME,Trend,AA_Counts,Sig_Class
S,1,0.0004319957,0.6666666667,3.9208653487546252,"{'M': 108866, 'F': 1, 'N': 1, 'L': 1, 'S': 3}",1
S,2,0.3827370567,0.0006808829,5.782641868047892,"{'F': 108848, 'L': 16, 'V': 1, 'A': 1, 'D': 2}",2
S,3,0.7971954065,0.5934125906,7.6083166051506215,"{'V': 108772, 'G': 64, 'F': 1, 'L': 1}",0
S,4,0.3409589548,0.6666666667,5.494250338930248,"{'F': 108850, 'V': 1, 'S': 1, 'L': 2}",0
S,5,0.0,0.0,13.843429806914662,"{'L': 106696, 'F': 2063, 'E': 1, 'T': 1, 'V': 2}",3
S,6,0.0895071527,0.0002988118,10.728622711064132,"{'V': 108641, 'F': 128, 'A': 97, 'T': 1, 'S': 1, 'N': 2}",2
S,7,0.560626337,0.6666666667,3.8245448384123932,"{'L': 108870, 'I': 2, 'W': 1, 'K': 1}",0
S,8,0.3537485379,0.6666666667,5.401274547547898,"{'L': 108859, 'Q': 1, 'C': 1}",0
S,9,0.3657186249,0.3529352093,9.532257848396142,"{'P': 108784, 'S': 37, 'L': 47}",0
S,10,0.0573684686,0.6666666667,1.348924048113954,{'L': 108879},0
S,11,0.0025771232,0.6666666667,2.583602955626332,"{'V': 108874, 'A': 2, 'L': 1}",1
S,12,0.257651342,0.270604738,11.973539053087569,"{'S': 108572, 'F': 295}",0
S,13,0.0821752849,0.1054527944,5.968614640191527,"{'S': 108842, 'I': 29}",0
S,14,0.2951283201,0.3002404,7.545274030939346,"{'Q': 108823, 'H': 27}",0
S,15,0.3695853031,0.3560121574,6.081615321685581,"{'C': 108853, 'S': 3}",0
S,16,0.0555912309,0.075264101,9.776551443266843,"{'V': 108785, 'F': 53}",0
S,17,1.0,0.6666666667,4.363690142271742,{'N': 108867},0
S,18,1.1023e-06,2.8982e-06,9.200057549749205,"{'L': 102825, 'F': 6001}",3
S,19,0.0168025653,0.0260719795,13.01658298303101,"{'T': 108551, 'R': 99, 'I': 198, 'K': 23}",3
S,20,0.0005254985,0.6666666667,12.490608679963056,"{'T': 108524, 'N': 247, 'I': 101}",1
S,21,0.0951383147,0.0016594522,7.5264013103494545,"{'R': 108814, 'I': 20, 'T': 19, 'F': 2}",2
S,22,0.0025760182,0.004660799,8.909616854527808,"{'T': 108706, 'I': 152, 'F': 3}",3
S,23,0.8163838525,1.12472e-05,4.953426327444425,"{'Q': 108861, 'H': 5, 'F': 2}",2
S,24,1.0,0.6666666667,6.100642896846512,"{'L': 108844, 'F': 1}",0
S,25,0.9159719365,0.6354403988,8.967854898759903,"{'P': 108672, 'L': 57, 'S': 24, 'T': 73}",0
S,26,0.0120024851,0.0192413245,13.773237274559834,"{'P': 108375, 'S': 315, 'L': 163}",3
S,27,0.9501518478,0.6666666667,12.345535997922799,"{'A': 108637, 'S': 104, 'V': 122}",0
S,28,0.0306189883,0.6666666667,6.472267560570708,"{'Y': 108838, 'D': 18, 'F': 3}",1
S,29,0.0227586944,0.034180987,6.076205041398516,"{'T': 108843, 'I': 29}",3
S,30,1.0,0.6666666667,6.327806356285036,{'N': 108777},0
S,31,1.0,1.0,4.181107310041805,{'S': 108865},0
S,32,1.6056e-06,0.6666666667,8.349766670197933,{'F': 108787},1
S,33,0.1207717581,0.1462277289,7.264124160253701,"{'T': 108809, 'I': 61}",0
S,34,1.0,1.0,4.139087532116259,{'R': 108860},0
S,35,1.0,1.0,2.79543803065571,{'G': 108859},0
S,36,0.2693828924,0.2800043212,6.648319212650364,"{'V': 108829, 'F': 40}",0
S,37,0.1828029988,0.6666666667,4.018695475804178,{'Y': 108865},0
S,38,0.3714910195,0.6666666667,3.8904624446218543,"{'Y': 108857, 'S': 1}",0
S,39,1.0,0.6666666667,4.051979137715903,"{'P': 108860, 'R': 1}",0
S,40,0.1124531982,0.6666666667,4.275833654612613,{'D': 108857},0
S,41,0.0008732764,0.6666666667,4.28791496712451,{'K': 108860},1
S,42,1.0,1.0,4.47047148794651,{'V': 108856},0
S,43,5.6324e-06,0.6666666667,4.776423892640867,{'F': 108859},1
S,44,1.0,1.0,4.450782726190144,{'R': 108860},0
S,45,0.0477464049,0.6666666667,4.92424359988973,{'S': 108854},1
S,46,1.0,0.6666666667,4.778140633871374,{'S': 108858},0
S,47,0.2701846451,0.2804402392,6.531919837569972,"{'V': 108843, 'F': 2}",0
S,48,1.0,0.6666666667,5.048824582780266,"{'L': 108853, 'V': 1, 'S': 1}",0
S,49,0.0765861925,0.0004510113,12.31959060437248,"{'H': 108423, 'Y': 430, 'L': 3}",2
S,50,0.1092009305,0.6666666667,4.756293578335807,"{'S': 108852, 'R': 1, 'L': 2}",0
S,51,0.3408198048,0.3344403672,7.053228546283067,"{'T': 108153, 'I': 700, 'N': 1, 'S': 2}",0
S,52,0.1900757985,0.2118992046,13.777898551888294,"{'Q': 108232, 'R': 605}",0
S,53,0.0018122855,0.6666666667,8.082926886020807,"{'D': 108815, 'N': 33}",1
S,54,0.8060066353,0.5960842893,5.849267549722355,"{'L': 108792, 'F': 52}",0
S,55,2.9054e-06,0.6666666667,4.61961927508398,{'F': 108855},1
S,56,1.0,1.0,4.421298045669641,{'L': 108858},0
S,57,1.0,1.0,4.958559455208552,{'P': 108852},0
S,58,1.97636e-05,0.6666666667,4.455812748747522,{'F': 108857},1
S,59,0.0071228749,0.6666666667,6.385356575763274,{'F': 108710},1
S,60,0.1772482388,0.6450109222,8.776588084030847,"{'S': 108792, 'Y': 5, 'L': 2, 'F': 2}",0
S,61,0.0430692133,0.0004116444,10.999637766648274,"{'N': 108511, 'D': 14, 'C': 3, 'M': 2, 'T': 1, 'V': 1, 'F': 1, 'A': 9}",3
S,62,0.3843835482,0.0856566193,11.622954466224053,"{'V': 108441, 'I': 91, 'Y': 1, 'F': 4, 'L': 2, 'A': 1}",0
S,63,0.0233601818,1.0042e-06,10.667120883666431,"{'T': 108522, 'I': 1, 'C': 2, 'G': 2, 'V': 1, 'L': 2, 'S': 1}",3
S,64,0.0077174827,0.6666666667,10.962864682109487,"{'W': 108500, 'S': 1, 'F': 5, 'Y': 1, 'C': 16, 'Q': 1}",1
S,65,0.067004201,0.6666666667,10.484437103111622,"{'F': 108535, 'C': 1, 'I': 1, 'V': 2, 'Y': 2}",0
S,66,0.0001149013,1e-10,11.15777922733427,"{'H': 108426, 'Y': 20, 'R': 21, 'W': 1, 'V': 2, 'G': 1, 'M': 1, 'I': 1}",3
S,67,0.1415077864,0.1662322919,14.902184822356014,"{'A': 107518, 'V': 808, 'S': 170, 'G': 2, 'L': 4, 'P': 2, 'C': 1}",0
S,68,0.0,0.6666666667,16.029299468004943,"{'I': 100626, 'S': 3, 'L': 14, 'V': 2, 'T': 10, 'F': 1}",1
S,69,0.0,0.0,19.24690588130033,"{'H': 25462, 'Y': 205, 'F': 33, 'L': 3, 'C': 5, 'R': 1, 'M': 2, 'S': 36, 'W': 1, 'V': 1, 'N': 1, 'A': 1, 'T': 72}",3
S,70,0.0412324132,0.021115461,-3.279157914558411,"{'V': 23, 'A': 314, 'T': 1}",3
S,71,0.95883618,0.6666666667,12.521301190390744,"{'S': 108397, 'F': 4}",0
S,72,0.0258242202,0.0383516193,12.622428007221865,"{'G': 108407, 'W': 8, 'E': 40, 'V': 3}",3
S,73,0.0093670268,0.0153059576,10.38141114710046,"{'T': 108504, 'I': 37, 'A': 2, 'S': 1}",3
S,74,0.049836089,0.0683827331,8.370103034503979,"{'N': 108802, 'D': 23}",1
S,75,0.0020859648,0.0038406577,11.036953775967163,"{'G': 108470, 'V': 360}",3
S,76,0.0604146885,0.0809729034,10.763716079582258,"{'T': 108700, 'I': 132, 'A': 29}",0
S,77,0.454788931,0.4134098106,5.84418358284383,"{'K': 108839, 'T': 3, 'N': 21}",0
S,78,0.4016109791,0.3781763323,4.750891706830591,"{'R': 108785, 'S': 78}",0
S,79,0.3986242316,0.3760416832,10.195927566453511,"{'F': 108741, 'L': 123}",0
S,80,0.4719879709,0.6666666667,11.433418365273972,"{'D': 107439, 'A': 1272, 'Y': 134, 'G': 8}",0
S,81,0.5144870103,0.6666666667,4.023961233027548,"{'N': 108861, 'K': 2}",0
S,82,0.8394307485,1.09e-08,6.124201716527504,"{'P': 108838, 'H': 3, 'R': 19, 'I': 1}",2
S,83,0.2231641113,0.0114305437,7.014883834540927,"{'V': 108823, 'I': 26, 'L': 4, 'E': 1, 'R': 1}",2
S,84,0.0002167754,0.0004474959,4.888296717318545,"{'L': 108853, 'W': 1, 'D': 1}",3
S,85,0.3426662603,0.6666666667,6.196690528131079,"{'P': 108841, 'K': 1, 'Q': 1, 'T': 1}",0
S,86,0.2222047926,0.6666666667,8.290435164313054,"{'F': 108458, 'L': 1}",0
S,87,0.29387899,0.6509470378,5.572301117049296,"{'N': 108845, 'T': 1, 'V': 1, 'M': 1}",0
S,88,0.0915730284,0.6666666667,4.904183607396866,"{'D': 108850, 'T': 1}",0
S,89,0.1258960177,0.6666666667,4.590821080381775,"{'G': 108854, 'L': 1, 'N': 1}",0
S,90,0.0306680274,1.505e-07,9.652640778586655,"{'V': 108749, 'F': 73, 'I': 34, 'Q': 1, 'R': 1}",3
S,91,1.0,0.6666666667,4.539236767751651,"{'Y': 108857, 'G': 1, 'V': 1}",0
S,92,0.2947472814,1.75687e-05,4.759669855452551,"{'F': 108856, 'C': 1, 'K': 1}",2
S,93,0.2116089261,0.231151058,6.202367895852745,"{'A': 108847, 'S': 1}",0
S,94,0.0005303171,0.001064852,12.50254871670021,"{'S': 108530, 'F': 332, 'P': 1}",3
S,95,3.662e-07,9.963e-07,14.932086220134853,"{'T': 107551, 'I': 1307}",3
S,96,0.0623915615,0.0832818156,7.7288142412158205,"{'E': 108804, 'G': 17, 'D': 40, 'V': 3}",0
S,97,0.0006107572,0.6666666667,8.916740159103938,"{'K': 108796, 'N': 65}",1
S,98,1.2e-09,3.7e-09,3.49958758435494,"{'S': 103882, 'F': 4945, 'P': 23}",3
S,99,0.0004518529,0.6666666667,3.933104926258399,{'N': 108870},1
S,100,0.2855877959,0.292847404,6.541481593861921,"{'I': 108842, 'T': 9, 'V': 17}",0
S,101,1.0,1.0,3.977079713001001,{'I': 108869},0
S,102,0.1107787679,0.1358972143,5.742338839677763,"{'R': 108832, 'I': 35}",0
S,103,1.0,1.0,3.8430566720929953,{'G': 108871},0
S,104,1.0,1.0,3.358046629661221,{'W': 108871},0
S,105,1.0,0.6666666667,4.818225758132743,{'I': 108621},0
S,106,0.7261419117,0.56207707,3.444333103510806,"{'F': 108872, 'H': 1, 'I': 1}",0
S,107,0.0666913079,0.1089526342,3.856212970801976,"{'G': 108859, 'S': 1, 'N': 1, 'R': 1}",0
S,108,0.9775787259,0.6157623065,3.4956925735713993,"{'T': 108869, 'E': 1, 'P': 1, 'N': 1}",0
S,109,0.6778521026,0.6666666667,4.036332126176092,"{'T': 108865, 'L': 1, 'N': 1, 'R': 1}",0
S,110,0.0508228455,0.6666666667,4.013075232225888,"{'L': 108868, 'I': 3, 'T': 1}",0
S,111,0.2312351736,0.6666666667,10.837157959569724,"{'D': 108653, 'F': 1, 'N': 215, 'S': 1}",0
S,112,0.3863218123,0.0337724608,8.273217195113517,"{'S': 108827, 'H': 1, 'L': 33}",2
S,113,0.0001733039,0.6666666667,3.360038098700923,{'K': 108872},1
S,114,1.0,0.6666666667,5.039734321455402,{'T': 108861},0
S,115,1.0,1.0,3.644980051710553,{'Q': 108870},0
S,116,0.0002238988,0.6666666667,4.013075232225888,{'S': 108869},1
S,117,0.0329791121,0.6666666667,3.360038098700923,{'L': 108872},1
S,118,0.1089468435,0.1340946565,5.737495837844156,"{'L': 108842, 'F': 30}",0
S,119,0.1482864477,0.173273295,3.806457540439702,"{'I': 108866, 'V': 1, 'L': 4}",0
S,120,0.4601259896,0.6666666667,5.910637922728174,"{'V': 108801, 'F': 70}",0
S,121,0.9224177212,0.6555604477,5.143460542469196,"{'N': 108822, 'I': 43, 'D': 4}",0
S,122,0.0284340247,0.6666666667,3.577636832047366,{'N': 108871},1
S,123,0.7316869516,0.5657188155,4.245613009029123,"{'A': 108855, 'V': 6}",0
S,124,0.312723453,0.6666666667,4.461269959707408,"{'T': 108861, 'K': 1, 'V': 1}",0
S,125,0.1149609599,0.0001224957,4.221644361524206,"{'N': 108863, 'G': 1}",2
S,126,0.0559143912,0.0067361056,6.250419058721811,"{'V': 108842, 'A': 18, 'T': 1}",2
S,127,0.0556109463,0.0753412528,5.40808780444586,"{'V': 108822, 'F': 45, 'I': 2}",0
S,128,1.0,0.6666666667,5.748303911521141,"{'I': 108849, 'V': 19}",0
S,129,1.0,0.6666666667,4.02816897206294,{'K': 108863},0
S,130,7.38334e-05,0.6666666667,4.949690340617271,{'V': 108861},1
S,131,1.0,0.6666666667,4.489987015222763,{'C': 108864},0
S,132,1.0,0.6666666667,4.815988672100046,{'E': 108860},0
S,133,0.1907214041,0.6666666667,5.039734321455402,"{'F': 108859, 'L': 1}",0
S,134,0.7806791827,0.000308389,3.875330498428264,"{'Q': 108868, 'T': 1}",2
S,135,0.1204678541,0.6666666667,3.161821192646838,{'F': 108870},0
S,136,1.0,1.0,4.131166688864722,{'C': 108866},0
S,137,0.9356812586,0.6666666667,4.325823842079442,"{'N': 108862, 'H': 1}",0
S,138,0.0092882696,0.0152537251,14.71146360178186,"{'D': 105258, 'Y': 1631, 'H': 1803, 'N': 75}",3
S,139,0.000103125,0.6666666667,6.796908969728243,{'P': 108840},1
S,140,1.0,0.6666666667,8.444063620626764,"{'F': 108811, 'L': 4}",0
S,141,0.08016674,0.1033499639,8.410283128251717,"{'L': 108754, 'F': 39}",0
S,142,2.06448e-05,4.86215e-05,13.20268439391377,"{'G': 107922, 'D': 124, 'V': 15}",3
S,143,0.0,0.6666666667,9.27967904367919,{'V': 108525},1
S,144,1.8e-09,0.0,17.461835271289356,"{'Y': 29860, 'V': 97, 'T': 6, 'S': 4, 'F': 42, 'D': 187}",3
S,145,0.3858869528,1.97e-08,14.441062441038227,"{'Y': 107958, 'H': 265, 'D': 20, 'L': 22, 'T': 28, 'S': 27, 'N': 2}",2
S,146,0.476124539,0.0069228048,10.493693766412857,"{'H': 108629, 'Q': 61, 'Y': 32, 'K': 12, 'N': 2}",2
S,147,0.9739260284,0.0010968397,6.14248950079111,"{'K': 108820, 'D': 1, 'S': 1, 'N': 11}",2
S,148,0.9162216196,0.6385093492,12.014908986596854,"{'N': 108655, 'T': 183}",0
S,149,0.0422002459,0.6666666667,4.178211806364492,{'N': 108863},1
S,150,0.3121737898,0.3132400142,7.284898802670201,"{'K': 108839, 'N': 21, 'E': 4}",0
S,151,0.0248781967,0.0370694563,7.098451862319903,"{'S': 108835, 'I': 32}",3
S,152,0.0595084152,0.6666666667,12.76138880446479,"{'W': 108423, 'C': 7, 'L': 132, 'R': 284, 'G': 22}",0
S,153,0.7411700004,0.5503794488,10.008971440332976,"{'M': 108472, 'T': 244, 'I': 141}",0
S,154,0.1813375384,0.2042285293,9.601104749041017,"{'E': 108781, 'K': 87, 'G': 2}",0
S,155,0.1562443373,0.1810611028,6.851542944041422,"{'S': 108852, 'G': 2, 'I': 3}",0
S,156,0.2081265959,0.6666666667,10.637781579858748,"{'E': 108715, 'G': 93, 'D': 23, 'A': 20}",0
S,157,0.0076388551,0.0127277242,11.309514215787146,"{'F': 108597, 'L': 157}",3
S,158,0.4237561287,0.3934030769,10.010436319900672,"{'R': 108746, 'S': 2}",0
S,159,1.0,0.6666666667,5.027455596795657,"{'V': 108858, 'I': 2}",0
S,160,1.0,1.0,2.66776731906241,{'Y': 108872},0
S,161,1.0,1.0,3.238983380320479,{'S': 108873},0
S,162,1.0,1.0,2.57397940653153,{'S': 108875},0
S,163,0.0603054659,0.6666666667,4.965227257361173,"{'A': 108847, 'V': 21}",0
S,164,0.0499377079,0.0686205352,6.690489133863682,"{'N': 108817, 'T': 44}",1
S,165,1.0,0.6666666667,3.160082505896084,{'N': 108872},0
S,166,1.0,0.6666666667,3.113441388835189,{'C': 108873},0
S,167,0.2238283907,0.6666666667,2.477732813190466,{'T': 108875},0
S,168,1.0,1.0,2.8665421389141192,{'F': 108873},0
S,169,1.0,1.0,2.722924690254132,{'E': 108872},0
S,170,1.0,1.0,3.163672376014899,{'Y': 108871},0
S,171,1.0,1.0,3.767158154002527,{'V': 108871},0
S,172,0.0722184529,0.6666666667,11.87270288613977,"{'S': 108547, 'A': 321}",0
S,173,1.0,1.0,4.3327226474468254,{'Q': 108855},0
S,174,0.3295577045,0.3264974789,3.4157415380718312,"{'P': 108866, 'S': 3}",0
S,175,0.9999999371,0.6666666667,3.305511789500612,{'F': 108868},0
S,176,0.0079009426,0.0130963556,10.460057762512543,"{'L': 108734, 'F': 139}",3
S,177,0.9502968925,0.6496790641,11.093671154843054,"{'M': 108690, 'I': 106, 'L': 63, 'K': 2}",0
S,178,0.1428375272,0.1678574871,6.444860379612523,"{'D': 108828, 'N': 43}",0
S,179,0.1738598452,0.6666666667,5.286489936819209,{'L': 108851},0
S,180,0.0278655886,0.6666666667,7.573477080212835,"{'E': 108812, 'K': 57, 'Q': 3}",1
S,181,0.0609333587,0.0816492209,9.967346059940404,"{'G': 108721, 'R': 61, 'V': 84, 'A': 5}",0
S,182,0.2598278277,0.6666666667,10.90115085711416,"{'K': 108693, 'T': 183, 'R': 2}",0
S,183,1.0,0.6666666667,3.109256655785679,"{'Q': 108871, 'L': 4}",0
S,184,0.2337032942,0.6666666667,2.721244685140049,{'G': 108874},0
S,185,0.0497423696,0.0683695809,8.709508306396907,"{'N': 108781, 'D': 46, 'S': 50}",1
S,186,1.6543e-06,0.6666666667,3.758964770757691,"{'F': 108866, 'S': 2}",1
S,187,1.0,0.6666666667,4.0520266820510304,{'K': 108731},0
S,188,1.0,1.0,1.699107219229096,{'N': 108877},0
S,189,0.1555770002,0.1802272428,10.499411107662821,"{'L': 108242, 'F': 631}",0
S,190,0.0203416419,0.6666666667,11.923941306363274,"{'R': 108587, 'S': 255, 'G': 29, 'K': 3}",1
S,191,1.0,1.0,1.458592669911837,{'E': 108879},0
S,192,1.0,1.0,2.086567183240217,{'F': 108877},0
S,193,0.0306896058,0.0447082982,9.561691809429728,"{'V': 108756, 'L': 121}",3
S,194,0.9999999371,0.6666666667,2.314012097873616,{'F': 108876},0
S,195,0.0930448145,0.6666666667,1.75146391044699,{'K': 108878},0
S,196,1.0,1.0,1.440782950722469,{'N': 108878},0
S,197,1.0,1.0,3.156267642542658,{'I': 108871},0
S,198,0.3044614437,0.3075358429,7.798398105979612,"{'D': 108812, 'Y': 53, 'A': 1}",0
S,199,0.2336456071,0.6666666667,4.464866670418604,{'G': 108863},0
S,200,1.0,0.6666666667,3.6754326530390298,"{'Y': 108868, 'W': 1}",0
S,201,1.0,0.6666666667,3.628397865888622,"{'F': 108868, 'V': 1}",0
S,202,1.0,0.6666666667,2.66776731906241,{'K': 108872},0
S,203,1.0,0.6666666667,2.6552131199138813,{'I': 108873},0
S,204,1.0,0.6666666667,1.98619371734152,{'Y': 108876},0
S,205,1.0,0.6666666667,3.200696043376103,{'S': 108871},0
S,206,1.0,0.6666666667,3.658702256984557,{'K': 108866},0
S,207,1.0,1.0,2.021119766488128,{'H': 108872},0
S,208,1.0,1.0,2.141344283746191,{'T': 108874},0
S,209,0.9999999524,0.6666666667,2.986767515557585,{'P': 108869},0
S,210,0.3058740802,0.3087160792,11.230015336916448,"{'I': 108604, 'T': 262}",0
S,211,1.0,0.6666666667,4.706930739717031,"{'N': 108856, 'K': 8}",0
S,212,1.0,0.6666666667,2.753077688339116,"{'L': 108863, 'I': 4}",0
S,213,0.0008717827,0.6666666667,4.526756491226049,"{'V': 108862, 'A': 2}",1
S,214,0.6990355577,0.6666666667,8.507067990982753,"{'R': 108816, 'L': 44, 'G': 1}",0
S,215,0.0402369213,0.0053879451,11.747401651138183,"{'D': 107372, 'G': 1330, 'Y': 81, 'A': 3, 'H': 35, 'P': 1, 'C': 2}",3
S,216,0.6003184852,0.4994074054,8.39071868567545,"{'L': 108781, 'F': 87, 'Q': 1, 'S': 1}",0
S,217,0.3293745275,0.3267061847,8.113106931278962,"{'P': 108815, 'S': 52, 'L': 1}",0
S,218,0.4593347679,0.4163790136,4.60861465562435,"{'Q': 108860, 'H': 5}",0
S,219,0.1001478458,0.1248341139,7.757642718640951,"{'G': 108823, 'S': 27, 'V': 1, 'D': 17}",0
S,220,1.0,0.6666666667,3.940780504824721,"{'F': 108863, 'L': 3}",0
S,221,2.15071e-05,0.6666666667,11.419819010671095,"{'S': 108667, 'L': 176}",1
S,222,1.8e-09,4.3e-09,5.660358113514801,"{'A': 99415, 'V': 9240, 'S': 21}",3
S,223,0.0285833367,0.6666666667,2.536961486015737,{'L': 108875},1
S,224,1.0,1.0,3.301626988634622,{'E': 108870},0
S,225,1.0,1.0,2.484808228907145,{'P': 108876},0
S,226,1.0,1.0,1.965882932154785,{'L': 108877},0
S,227,0.4142337558,0.3866383499,5.799500684150996,"{'V': 108812, 'L': 64}",0
S,228,0.7853918227,0.5880115102,8.400143428417763,"{'D': 108772, 'Y': 78}",0
S,229,1.0,0.6666666667,4.731993422659858,{'L': 108852},0
S,230,1.0,1.0,2.608423595374707,{'P': 108874},0
S,231,0.0039311272,0.6666666667,3.301227630228912,{'I': 108872},1
S,232,1.0,1.0,2.9230360350824993,{'G': 108873},0
S,233,1.0,0.6666666667,3.046485660043034,{'I': 108873},0
S,234,0.0013687145,0.6666666667,4.188228666317097,{'N': 108862},1
S,235,1.0,1.0,2.162788815504699,{'I': 108877},0
S,236,1.0,1.0,2.21484015082189,{'T': 108876},0
S,237,1.0,1.0,2.926235686286102,{'R': 108869},0
S,238,1.0,0.6666666667,2.910784115945824,"{'F': 108874, 'S': 1}",0
S,239,1.0,0.6666666667,3.218059715072931,"{'Q': 108873, 'H': 2}",0
S,240,0.0226950138,0.0340873508,10.730535067305443,"{'T': 108626, 'I': 112}",3
S,241,0.0293949409,0.0429033395,12.769895993349415,"{'L': 107583, 'V': 4}",3
S,242,0.1724695789,0.6666666667,13.88608024434688,{'L': 107539},0
S,243,1.0,0.6666666667,13.737055848284104,{'A': 107517},0
S,244,5.21784e-05,0.6666666667,3.583185800676409,"{'L': 108864, 'F': 1}",1
S,245,0.0046681045,0.00810221,10.091443646445859,"{'H': 108764, 'Y': 97}",3
S,246,0.2574277685,0.2695808854,9.525703221694021,"{'R': 108783, 'I': 26}",0
S,247,1.0,1.0,8.056380717441307,{'S': 108819},0
S,248,1.0,0.6666666667,8.86902864726033,{'Y': 108810},0
S,249,0.3107744779,0.3125070364,8.606223954787312,"{'L': 108808, 'S': 9}",0
S,250,0.0353188444,0.6666666667,8.230389630286158,{'T': 108811},1
S,251,0.3290324502,0.3264137291,9.395868875929303,"{'P': 108786, 'H': 31}",0
S,252,0.2443313782,0.2589410914,8.774672706310065,"{'G': 108679, 'V': 2, 'R': 4}",0
S,253,0.0036515715,0.0064567444,11.033061750557358,"{'D': 108715, 'G': 101, 'N': 56}",3
S,254,0.0069189416,0.011581557,7.77139416450197,"{'S': 108778, 'F': 99}",3
S,255,0.0412703502,0.0579961678,7.984822481768819,"{'S': 108819, 'F': 53}",1
S,256,0.0704612318,0.0923480637,7.7270716207520955,"{'S': 108791, 'P': 53, 'L': 22}",0
S,257,1.0,0.6666666667,4.957638424661639,{'G': 108857},0
S,258,0.9403671947,0.6666666667,6.575268012575999,"{'W': 108832, 'L': 41}",0
S,259,0.3980993829,0.375305682,5.022769189671852,"{'T': 108848, 'I': 17}",0
S,260,0.1316620947,0.1572251483,4.926974028519515,"{'A': 108856, 'V': 4}",0
S,261,0.0092641874,0.0151545249,10.61176334588648,"{'G': 108671, 'V': 28, 'R': 84, 'S': 2, 'A': 2, 'D': 3}",3
S,262,0.0048116452,0.0083289706,7.731866740767155,"{'A': 108434, 'S': 372, 'T': 3}",3
S,263,1.0,0.6666666667,6.85725978118223,{'A': 108839},0
S,264,0.2862605273,0.2932556971,4.60043301481969,"{'A': 108861, 'S': 5}",0
S,265,0.8038586553,0.6666666667,5.256220297071401,"{'Y': 108857, 'C': 11}",0
S,266,1.0,0.6666666667,4.367077222873372,{'Y': 108867},0
S,267,1.0,0.6666666667,6.9867182327879895,{'V': 108837},0
S,268,1.0,0.6666666667,3.71147200107568,{'G': 108868},0
S,269,0.1835584139,0.6666666667,10.444911436138401,{'Y': 108771},0
S,270,1.0,0.6666666667,5.564846404719745,{'L': 108848},0
S,271,1.0,0.6666666667,6.344443987255592,{'Q': 108844},0
S,272,0.1675046852,0.1915476106,7.378562215039559,"{'P': 108499, 'L': 358}",0
S,273,0.2354714908,0.2517550395,8.469293075686037,"{'R': 108803, 'S': 30}",0
S,274,0.048525514,0.0669088895,8.427359378625997,"{'T': 108815, 'I': 17}",1
S,275,0.9999999371,0.6666666667,11.09607678232497,{'F': 108694},0
S,276,5.0718e-06,0.6666666667,12.496397000985468,{'L': 108596},1
S,277,1.0,0.6666666667,13.07700111130166,{'L': 108524},0
S,278,0.450171817,0.6666666667,13.660729032199065,"{'K': 108457, 'R': 71}",0
S,279,0.0077607754,0.6666666667,1.8309659184286242,{'Y': 108872},1
S,280,1.0,1.0,3.00325458997072,{'N': 108872},0
S,281,1.0,0.6666666667,7.511342054862302,"{'E': 108770, 'K': 17}",0
S,282,0.0062419463,0.6666666667,4.989292485118053,{'N': 108861},1
S,283,1.0,0.6666666667,3.586402520218615,{'G': 108869},0
S,284,0.3959792299,0.6666666667,7.925601553096612,"{'T': 108823, 'I': 29}",0
S,285,1.0,0.6666666667,4.26758044819684,{'I': 108864},0
S,286,0.2321290023,0.2488235395,9.429981976636443,"{'T': 108792, 'I': 74}",0
S,287,1.0,0.6666666667,5.393566237702044,{'D': 108858},0
S,288,1.0,0.6666666667,3.048425845459541,{'A': 108872},0
S,289,0.2482906112,0.2625388002,5.309866263969796,"{'V': 108858, 'L': 2, 'I': 3}",0
S,290,3.33e-07,0.6666666667,2.996528144167484,{'D': 108873},1
S,291,1.0,0.6666666667,3.813384635875127,{'C': 108867},0
S,292,0.433245679,0.3994544566,4.169920597765892,"{'A': 108867, 'S': 3}",0
S,293,0.0185037171,0.6666666667,2.998361229973673,{'L': 108873},1
S,294,1.61478e-05,0.6666666667,3.203210182775559,{'D': 108872},1
S,295,0.9999999524,0.6666666667,2.889554350924831,{'P': 108872},0
S,296,7.0541e-06,0.6666666667,3.11693288431569,{'L': 108870},1
S,297,1.0,0.6666666667,2.2936161930266,{'S': 108869},0
S,298,1.0,0.6666666667,2.137167944445163,{'E': 108874},0
S,299,0.1434153309,0.1684424445,6.607053428291432,"{'T': 108835, 'I': 32}",0
S,300,1.0,0.6666666667,6.96980572615377,{'K': 108847},0
S,301,1.0,0.6666666667,9.155992514255175,{'C': 108807},0
S,302,6.6e-09,0.6666666667,9.20584321609785,{'T': 108809},1
S,303,0.1764735143,0.6666666667,9.901524644557592,{'L': 108784},0
S,304,1.0,0.6666666667,8.236149360074291,{'K': 108818},0
S,305,1.0,0.6666666667,8.491271838988547,{'S': 108813},0
S,306,4.3502e-06,0.6666666667,10.108209880379576,"{'F': 108764, 'L': 11}",1
S,307,0.0052742535,0.0090664604,12.56969433318367,"{'T': 108552, 'I': 255, 'A': 9}",3
S,308,0.5748295805,0.6666666667,9.437334026682729,"{'V': 108725, 'L': 90}",0
S,309,1.0,0.6666666667,12.761683390030687,{'E': 102536},0
S,310,1.0,0.6666666667,10.429425582230342,{'K': 108619},0
S,311,1.0,0.6666666667,3.717274941800226,{'G': 108866},0
S,312,0.0096893589,0.6666666667,2.717984115656526,{'I': 108872},1
S,313,0.1835374483,0.6666666667,2.725757528730663,{'Y': 108872},0
S,314,0.5656300296,0.4805106334,7.031572248064982,"{'Q': 108813, 'K': 64}",0
S,315,1.0,0.6666666667,3.030533759559654,{'T': 108875},0
S,316,1.0,0.6666666667,4.881981882929648,"{'S': 108865, 'F': 1}",0
S,317,1.0,0.6666666667,4.165291800259342,"{'N': 108869, 'K': 1}",0
S,318,0.9999999371,0.6666666667,6.673040337556245,{'F': 108838},0
S,319,1.0,0.6666666667,7.083122774848489,{'R': 108850},0
S,320,1.0,0.6666666667,8.240134859491185,{'V': 108830},0
S,321,2.847e-07,0.6666666667,5.156767701865712,"{'Q': 108855, 'H': 1}",1
S,322,0.4781065212,0.4281903481,3.544407174548607,"{'P': 108869, 'S': 4, 'L': 2}",0
S,323,0.1720356828,0.1956884108,7.540027954371474,"{'T': 108828, 'I': 42, 'H': 1}",0
S,324,0.0571376895,0.6666666667,4.75007378263406,{'E': 108861},0
S,325,1.0,0.6666666667,2.856080306290345,{'S': 108873},0
S,326,1.0,0.6666666667,2.488833240223445,{'I': 108874},0
S,327,1.0,0.6666666667,3.257652201892019,{'V': 108869},0
S,328,0.0228917257,0.6666666667,0.8005809391245421,{'R': 108879},1
S,329,3.97098e-05,0.6666666667,0.717753703823879,{'F': 108876},1
S,330,0.0910331275,0.1151318498,6.076946207717852,"{'P': 108832, 'S': 46}",0
S,331,1.0,0.6666666667,1.254481031019612,{'N': 108877},0
S,332,1.0,0.6666666667,2.028582044265501,{'I': 108874},0
S,333,0.1209501156,0.6666666667,2.7343903954333033,{'T': 108875},0
S,334,0.1149949748,0.1403048423,2.7989892525070372,"{'N': 108870, 'Y': 4}",0
S,335,1.0,1.0,1.8346810204569381,{'L': 108876},0
S,336,0.0825968685,0.6666666667,0.0,{'C': 108880},0
S,337,0.1635052171,0.6666666667,1.672446482417708,{'P': 108879},0
S,338,1.0,1.0,0.9747615111356861,{'F': 108878},0
S,339,1.0,1.0,3.470968815112893,{'G': 108871},0
S,340,1.0,1.0,1.6355891923420272,{'E': 108877},0
S,341,1.0,1.0,1.586834859443695,{'V': 108875},0
S,342,1.0,1.0,1.056645095001189,{'F': 108873},0
S,343,0.0194706831,0.6666666667,2.396319946615864,{'N': 108871},1
S,344,0.3450732927,0.6666666667,2.360217197890955,{'A': 108870},0
S,345,0.2143569465,0.6666666667,1.55475266166334,{'T': 108870},0
S,346,0.1647842411,0.188387525,10.649530214647667,"{'R': 108724, 'S': 101, 'K': 47}",0
S,347,0.2149358165,0.6666666667,2.314012097873616,"{'F': 108876, 'P': 1}",0
S,348,0.4773968368,0.6666666667,5.4658981555388735,"{'A': 108855, 'S': 19, 'T': 1}",0
S,349,1.0,0.6666666667,2.379018358481683,{'S': 108874},0
S,350,1.0,1.0,1.5184531906535992,{'V': 108878},0
S,351,1.0,1.0,1.5184531906535992,{'Y': 108878},0
S,352,1.0,1.0,2.143215966840087,{'A': 108876},0
S,353,1.0,1.0,1.5184531906535992,{'W': 108878},0
S,354,0.839435688,0.6099076716,10.66098240682365,"{'N': 108708, 'K': 133, 'H': 35}",0
S,355,1.0,1.0,2.325031203101586,{'R': 108875},0
S,356,1.0,0.6666666667,3.769518719575916,{'K': 108868},0
S,357,1.0,1.0,1.4779562759259801,{'R': 108873},0
S,358,0.3885682488,0.6666666667,1.641940995030733,{'I': 108876},0
S,359,1.0,0.6666666667,3.775891539479146,{'S': 108864},0
S,360,0.9999999418,0.6666666667,2.096215847840055,{'N': 108873},0
S,361,1.0,0.6666666667,6.879516390880747,{'C': 108817},0
S,362,0.2689999089,0.2791699595,9.04300030836013,"{'V': 108764, 'F': 95}",0
S,363,1.0,0.6666666667,3.224232595069994,{'A': 108862},0
S,364,0.0206993211,0.6666666667,1.5184531906535992,{'D': 108878},1
S,365,1.0,1.0,3.720958915981009,{'Y': 108864},0
S,366,1.0,1.0,2.760114401777773,{'S': 108869},0
S,367,0.0033642405,0.0059803005,8.03923795655378,"{'V': 108811, 'F': 61}",3
S,368,0.0998648961,0.6666666667,1.9816926782788291,{'L': 108875},0
S,369,0.8045346948,0.6666666667,7.142215315407966,"{'Y': 108841, 'F': 32}",0
S,370,1.0,0.6666666667,2.480200674558186,"{'N': 108875, 'T': 1}",0
S,371,0.0481863041,0.6666666667,4.859539428671621,{'S': 108858},1
S,372,0.4770497789,0.6666666667,3.236244242254741,"{'A': 108867, 'V': 6}",0
S,373,0.1096482671,0.6666666667,4.017517740260491,"{'S': 108866, 'P': 1}",0
S,374,0.1205899683,0.6666666667,3.807184010450941,"{'F': 108861, 'Y': 1}",0
S,375,0.0155085539,0.6666666667,4.522944660982003,{'S': 108745},1
S,376,0.508378824,0.6666666667,5.609276151767008,"{'T': 108832, 'I': 29, 'N': 2, 'S': 1}",0
S,377,0.0280194782,0.6666666667,3.6970202981057803,{'F': 108866},1
S,378,1.0,0.6666666667,5.287725386675909,"{'K': 108853, 'M': 1}",0
S,379,1.0,0.6666666667,4.124644988334178,"{'C': 108863, 'S': 1}",0
S,380,1.0,0.6666666667,4.816652606740265,{'Y': 108860},0
S,381,0.0239181141,0.6666666667,4.278453392551202,{'G': 108861},1
S,382,0.1322279119,0.6666666667,6.00330452056486,"{'V': 108826, 'L': 32}",0
S,383,0.0573123154,0.6666666667,4.233226376233462,{'S': 108863},0
S,384,0.0513980528,0.0702675597,9.883546960295364,"{'P': 108775, 'L': 64, 'S': 24}",0
S,385,0.8452119152,0.6115167312,9.941353630677705,"{'T': 108786, 'N': 49, 'I': 30}",0
S,386,1.0,1.0,3.721117072975835,{'K': 108867},0
S,387,1.0,0.6666666667,4.132733088551339,{'L': 108860},0
S,388,1.0,1.0,3.984283712608536,{'N': 108863},0
S,389,0.0027702236,0.6666666667,4.33565206891961,{'D': 108863},1
S,390,1.0,1.0,4.41129985238829,{'L': 108864},0
S,391,0.1556743656,0.6666666667,3.929198490115464,{'C': 108864},0
S,392,0.0018764483,0.6666666667,4.663376281373683,{'F': 108858},1
S,393,1.0,0.6666666667,4.553329922707174,{'T': 108859},0
S,394,1.0,0.6666666667,5.9983981119671625,{'N': 108846},0
S,395,0.0001730398,0.6666666667,4.3372449444757954,{'V': 108861},1
S,396,0.1606359659,0.6666666667,3.876533472243213,{'Y': 108863},0
S,397,0.1025434639,0.6666666667,4.050633490554752,{'A': 108861},0
S,398,1.0,0.6666666667,7.252351562992671,{'D': 108806},0
S,399,1.0,1.0,3.807184010450941,{'S': 108866},0
S,400,1.0,1.0,3.713478097895,{'F': 108865},0
S,401,0.111829188,0.6666666667,3.75912916341349,{'V': 108866},0
S,402,1.0,1.0,3.653631553206926,{'I': 108864},0
S,403,1.0,1.0,3.547766802202208,{'R': 108868},0
S,404,0.2901883946,0.6666666667,5.573314790111052,"{'G': 108811, 'C': 53}",0
S,405,0.0010527269,0.6666666667,3.981317556307121,{'D': 108864},1
S,406,1.0,0.6666666667,3.51446495646882,{'E': 108868},0
S,407,0.1988060622,0.6666666667,2.8679121018349942,{'V': 108874},0
S,408,0.4236262659,0.3927266186,5.116311591218013,"{'R': 108834, 'K': 34}",0
S,409,1.0,1.0,2.435222255381282,{'Q': 108876},0
S,410,0.0042305323,0.6666666667,2.573610825448442,{'I': 108873},1
S,411,1.0,0.6666666667,6.867491010636097,"{'A': 108838, 'S': 3}",0
S,412,0.9999999664,0.6666666667,6.411309553207767,{'P': 108853},0
S,413,0.005394757,0.6666666667,2.626474969737162,{'G': 108873},1
S,414,0.3188578371,0.3186242916,7.965133388000727,"{'Q': 108802, 'R': 3, 'K': 66}",0
S,415,0.0854610694,0.6666666667,1.854778715742222,{'T': 108874},0
S,416,1.0,1.0,1.6815606945089732,{'G': 108878},0
S,417,0.0058164492,0.0099136236,14.00218384084874,"{'N': 1093, 'K': 107409, 'T': 202}",3
S,418,1.0,1.0,2.291272077968347,{'I': 108877},0
S,419,0.1315130992,0.1567853977,6.42681015455329,"{'A': 108848, 'S': 29}",0
S,420,1.0,0.6666666667,3.559115458607968,{'D': 108870},0
S,421,1.0,1.0,1.645116896375087,{'Y': 108876},0
S,422,1.0,1.0,0.0,{'N': 108880},0
S,423,1.0,1.0,1.239255426316072,{'Y': 108879},0
S,424,1.0,1.0,0.0,{'K': 108880},0
S,425,1.0,1.0,1.7626252461161651,{'L': 108877},0
S,426,0.9999999664,0.6666666667,2.594885064602866,{'P': 108874},0
S,427,1.0,0.6666666667,3.165523559382959,{'D': 108870},0
S,428,1.0,0.6666666667,2.487213938161617,{'D': 108869},0
S,429,0.9999999371,0.6666666667,2.125549331179043,{'F': 108874},0
S,430,1.0,0.6666666667,2.6860670670553652,{'T': 108870},0
S,431,0.9999999418,0.6666666667,0.20970964781405202,{'G': 108878},0
S,432,1e-10,0.6666666667,1.705459021917802,{'C': 108877},1
S,433,1.0,1.0,2.425907724468355,{'V': 108875},0
S,434,0.4476363485,0.4088506021,3.007810253144018,"{'I': 108874, 'V': 4}",0
S,435,1.0,1.0,1.458592669911837,{'A': 108879},0
S,436,1.0,1.0,1.5682612917097192,{'W': 108879},0
S,437,1.0,1.0,0.741750791342295,{'N': 108877},0
S,438,1.0,1.0,1.5961234305847292,{'S': 108878},0
S,439,5.7e-09,1.73e-08,7.314537173778444,"{'N': 106364, 'K': 2500}",3
S,440,0.0114643352,0.0184299515,12.36311997980739,"{'N': 108550, 'K': 326}",3
S,441,0.0544621333,0.6666666667,0.0,{'L': 108880},0
S,442,0.0589083771,0.6666666667,0.0,{'D': 108880},0
S,443,1.0,1.0,1.811906701631393,{'S': 108874},0
S,444,0.0023419769,0.6666666667,2.017789871185629,"{'K': 108870, 'R': 3}",1
S,445,0.2110200021,0.6666666667,0.18469513069579802,{'V': 108870},0
S,446,0.0199162054,0.0303597609,4.13559205252417,"{'G': 108840, 'V': 30}",3
S,447,1.0,0.6666666667,0.31095145583265504,{'G': 108874},0
S,448,1.0,0.6666666667,0.322225132731612,{'N': 108872},0
S,449,1.0,0.6666666667,3.318494525397519,"{'Y': 108863, 'H': 4}",0
S,450,0.1093219736,0.1345130899,8.592991797523625,"{'N': 108787, 'K': 90}",0
S,451,1.0,1.0,0.8005809391245421,{'Y': 108879},0
S,452,0.0234479983,0.0351706664,13.263673549260623,"{'L': 107476, 'R': 1214, 'M': 53, 'Q': 126}",3
S,453,1.0,1.0,0.0,{'Y': 108880},0
S,454,1.0,1.0,0.8005809391245421,{'R': 108879},0
S,455,0.7791318117,0.6666666667,6.546222508597158,"{'L': 108837, 'F': 39}",0
S,456,1.0,1.0,1.348924048113954,{'F': 108879},0
S,457,1.0,1.0,1.239255426316072,{'R': 108879},0
S,458,1.0,1.0,1.980684164727535,{'K': 108876},0
S,459,1.0,1.0,1.75146391044699,{'S': 108878},0
S,460,0.2573026967,0.2701391235,4.896943519101667,"{'N': 108861, 'K': 4}",0
S,461,1.0,1.0,1.348924048113954,{'L': 108879},0
S,462,1.0,1.0,0.471575073730894,{'K': 108879},0
S,463,0.3291313327,0.326528484,4.958286227406942,"{'P': 108861, 'S': 17}",0
S,464,0.9999999371,0.6666666667,1.959531129466078,{'F': 108877},0
S,465,1.0,1.0,1.992241654233494,{'E': 108878},0
S,466,1.0,0.6666666667,2.831910043588187,{'R': 108875},0
S,467,1.0,1.0,2.509141036381206,{'D': 108874},0
S,468,0.1477251431,0.1727540193,4.8762114816146,"{'I': 108848, 'V': 25}",0
S,469,1.0,1.0,1.67379367051586,{'S': 108878},0
S,470,1.0,1.0,2.096384769621216,{'T': 108876},0
S,471,0.3000403916,0.3038687892,7.606348216561028,"{'E': 108813, 'Q': 63}",0
S,472,0.0847448801,0.6666666667,3.4687311782565122,{'I': 108870},0
S,473,0.1835859175,0.6666666667,3.416662039732358,{'Y': 108867},0
S,474,1.0,0.6666666667,3.217356693688645,{'Q': 108869},0
S,475,2.129e-07,0.6666666667,7.018210652494332,"{'A': 108842, 'V': 19}",1
S,476,0.0997948617,0.1244496958,6.320396401943367,"{'G': 108839, 'S': 27}",0
S,477,0.0108882357,0.0176090106,4.575935810291499,"{'S': 105969, 'N': 2806, 'R': 62, 'I': 17}",3
S,478,0.0386886951,0.0546439801,13.316641905493398,"{'T': 108358, 'K': 319, 'I': 192}",1
S,479,0.1675966043,0.1917002334,6.52922055471994,"{'P': 108829, 'S': 39}",0
S,480,1.0,1.0,2.156989848375049,{'C': 108874},0
S,481,1.0,1.0,2.956472335168507,{'N': 108865},0
S,482,0.2336618412,0.6666666667,3.331956375508527,{'G': 108860},0
S,483,0.0555745247,0.0753180787,8.815833690043442,"{'V': 108774, 'F': 69}",0
S,484,0.0010977048,0.0021097286,15.282639645913997,"{'E': 105220, 'K': 3500, 'Q': 127}",3
S,485,0.0438005212,0.0611237986,6.93618037467647,"{'G': 108824, 'A': 26, 'S': 22}",1
S,486,1.0,1.0,3.015577706570082,{'F': 108869},0
S,487,0.2214532134,0.6666666667,1.959531129466078,{'N': 108875},0
S,488,1.0,1.0,1.959531129466078,{'C': 108875},0
S,489,7.8698e-06,0.6666666667,2.426957926460304,{'Y': 108874},1
S,490,0.8382891993,0.6100351124,13.095914220032784,"{'F': 108247, 'S': 546, 'L': 54}",0
S,491,1.0,1.0,2.231601155558465,{'P': 108872},0
S,492,1.0,1.0,2.264426124347753,{'L': 108873},0
S,493,1.0,1.0,2.374617176627449,{'Q': 108874},0
S,494,0.2934085887,0.2991651938,9.39237080661602,"{'S': 108740, 'P': 133}",0
S,495,0.0212133475,0.6666666667,2.314012097873616,{'Y': 108874},1
S,496,0.244558848,0.2594894047,9.746178225761735,"{'G': 108778, 'S': 96}",0
S,497,0.0071248279,0.6666666667,2.677629583975753,{'F': 108872},1
S,498,1.0,1.0,2.426957926460304,{'Q': 108873},0
S,499,0.3014211716,0.6666666667,1.944674757763035,{'P': 108872},0
S,500,1.0,1.0,2.887594001975764,{'T': 108866},0
S,501,3.016e-07,6.9e-09,18.614988795094824,"{'Y': 83982, 'N': 24693, 'T': 56, 'I': 2, 'H': 2}",3
S,502,1.0,0.6666666667,3.931913473759886,{'G': 108867},0
S,503,0.9033309808,0.6666666667,3.598161217006217,"{'V': 108862, 'I': 5}",0
S,504,0.2334171453,0.6666666667,3.354157051853722,{'G': 108869},0
S,505,0.7315264854,0.6666666667,3.7677906801068692,"{'Y': 108870, 'H': 3}",0
S,506,1.0,1.0,2.771408315949097,{'Q': 108873},0
S,507,1.0,1.0,2.480200674558186,{'P': 108874},0
S,508,0.0009771699,0.6666666667,4.9761527839217266,"{'Y': 108818, 'C': 54, 'H': 2}",1
S,509,1.0,1.0,1.019464331537457,{'R': 108877},0
S,510,1.0,1.0,2.023049156353147,{'V': 108877},0
S,511,1.0,1.0,1.67379367051586,{'V': 108878},0
S,512,1.0,1.0,1.67379367051586,{'V': 108878},0
S,513,1.0,1.0,2.948073266034505,{'L': 108865},0
S,514,1.0,1.0,1.207772230929078,{'S': 108878},0
S,515,0.9999999371,0.6666666667,9.77728591531249,{'F': 108682},0
S,516,1.0,0.6666666667,9.286130489994843,{'E': 108695},0
S,517,0.1739201058,0.6666666667,2.405345633797091,"{'L': 108873, 'F': 3}",0
S,518,0.0043706515,0.6666666667,2.046574568343304,{'L': 108874},1
S,519,1.0,0.6666666667,2.932238779996758,"{'H': 108870, 'Y': 2}",0
S,520,0.0380682788,0.0540490121,9.648361617312501,"{'A': 108759, 'V': 65, 'S': 51}",1
S,521,1.0,1.0,1.699107219229096,{'P': 108877},0
S,522,0.0547916556,0.0743258603,9.432575938900452,"{'A': 107998, 'S': 727, 'V': 39}",0
S,523,0.2241699087,0.6666666667,1.7658011474605182,{'T': 108877},0
S,524,1.0,1.0,1.325047403663344,{'V': 108876},0
S,525,1.0,1.0,1.095730447267497,{'C': 108875},0
S,526,0.1691610702,0.6666666667,2.08021538055151,{'G': 108877},0
S,527,1.0,1.0,1.289325982856764,{'P': 108878},0
S,528,1.0,0.6666666667,1.445035111680819,{'K': 108877},0
S,529,1.0,0.6666666667,1.592260705441607,{'K': 108876},0
S,530,1.0,1.0,2.09521430119393,{'S': 108875},0
S,531,1.0,1.0,1.784263768861262,{'T': 108875},0
S,532,1.0,1.0,2.971889006785647,{'N': 108871},0
S,533,1.0,0.6666666667,2.315088761984818,{'L': 108874},0
S,534,0.4656918024,0.6666666667,2.863638112678297,"{'V': 108869, 'I': 2}",0
S,535,1.0,1.0,1.526220214646712,{'K': 108878},0
S,536,1.0,1.0,1.67379367051586,{'N': 108878},0
S,537,0.5590687335,0.4765104316,4.487702650755486,"{'K': 108860, 'T': 19}",0
S,538,1.0,1.0,2.412114899183012,{'C': 108872},0
S,539,0.6373304647,0.5193815246,2.794864987711287,"{'V': 108865, 'L': 8}",0
S,540,0.1091708299,0.1342842888,5.9344084489304985,"{'N': 108789, 'S': 71, 'K': 18}",0
S,541,0.0009807766,0.6666666667,0.910249560922424,{'F': 108879},1
S,542,0.4090175919,0.6666666667,1.7626252461161651,{'N': 108877},0
S,543,2.489e-07,0.6666666667,2.195498406833556,"{'F': 108874, 'L': 2}",1
S,544,1.0,1.0,1.6038904545778432,{'N': 108878},0
S,545,1.0,1.0,1.440782950722469,{'G': 108878},0
S,546,1.0,1.0,0.9747615111356861,{'L': 108878},0
S,547,0.0909889106,0.1149640677,9.600686398227555,"{'T': 108711, 'I': 142, 'K': 22}",0
S,548,1.0,1.0,2.680629092824526,{'G': 108874},0
S,549,1.0,1.0,0.910249560922424,{'T': 108879},0
S,550,1.0,1.0,1.4485499747155821,{'G': 108878},0
S,551,1.0,1.0,1.775328851493578,{'V': 108877},0
S,552,0.1551280413,0.1795971851,4.484670965872175,"{'L': 108860, 'F': 18}",0
S,553,1.0,0.6666666667,3.228463793897006,"{'T': 108871, 'I': 2}",0
S,554,1.0,1.0,1.289325982856764,{'E': 108878},0
S,555,0.1795520805,0.6666666667,2.311257321566624,{'S': 108876},0
S,556,0.8614469187,0.6666666667,3.4756986866958792,"{'N': 108872, 'D': 4}",0
S,557,1.0,1.0,1.384692986138104,{'K': 108877},0
S,558,0.0473272419,0.0654776103,12.672134724036653,"{'K': 108254, 'N': 623}",1
S,559,1.0,1.0,2.487823797933494,{'F': 108870},0
S,560,1.0,1.0,1.708634923262156,{'L': 108877},0
S,561,0.3291528234,0.3261780427,3.813352013984993,"{'P': 108863, 'S': 5}",0
S,562,0.0,0.6666666667,2.4725010665049982,{'F': 108862},1
S,563,1.0,1.0,1.887021770289794,{'Q': 108876},0
S,564,0.416582253,0.3883519033,6.246281383711362,"{'Q': 108852, 'E': 23}",0
S,565,1.0,0.6666666667,3.345237416348994,"{'F': 108866, 'L': 4}",0
S,566,1.0,1.0,1.129586804518189,{'G': 108879},0
S,567,1.0,1.0,0.0,{'R': 108880},0
S,568,1.0,1.0,3.65166629110574,{'D': 108865},0
S,569,0.1803977505,0.6666666667,2.207251434325647,{'I': 108877},0
S,570,2.3e-08,6.79e-08,18.630883416011216,"{'D': 81425, 'A': 27400}",3
S,571,0.0408393845,0.6666666667,1.133985502994504,{'D': 108878},1
S,572,0.0108362078,0.0174357135,11.819177294729128,"{'T': 108684, 'I': 195}",3
S,573,0.1070198559,0.1319870369,6.253558087179325,"{'T': 108826, 'I': 48}",0
S,574,0.1816200494,0.6666666667,1.130101990997947,{'D': 108878},0
S,575,0.2824458877,0.6666666667,8.098575792591548,"{'A': 108802, 'S': 74}",0
S,576,1.0,1.0,0.0,{'V': 108880},0
S,577,1.0,1.0,0.0,{'R': 108880},0
S,578,0.0028135929,0.6666666667,0.690912317326659,{'D': 108879},1
S,579,1.0,1.0,0.0,{'P': 108880},0
S,580,1.0,0.6666666667,1.906804390309251,"{'Q': 108877, 'R': 2}",0
S,581,1.0,1.0,1.348924048113954,{'T': 108879},0
S,582,1.0,1.0,2.5371489787400012,{'L': 108876},0
S,583,0.7715109381,0.6666666667,12.748567643499554,"{'E': 108388, 'D': 448, 'Q': 31}",0
S,584,1.0,1.0,1.3179990579066811,{'I': 108876},0
S,585,0.0816924763,0.1049172103,5.638257552854633,"{'L': 108859, 'F': 19}",0
S,586,1.0,1.0,1.293209494853321,{'D': 108878},0
S,587,0.0003953124,0.6666666667,1.019918182720307,{'I': 108879},1
S,588,1.0,1.0,1.006760726160043,{'T': 108876},0
S,589,4.5726e-06,0.6666666667,1.019918182720307,{'P': 108879},1
S,590,1.0,1.0,1.591126573521078,{'C': 108877},0
S,591,1.0,0.6666666667,2.207251434325647,{'S': 108877},0
S,592,1.0,1.0,1.775328851493578,{'F': 108877},0
S,593,0.2337966076,0.6666666667,3.230430530344941,{'G': 108874},0
S,594,1.0,1.0,2.464499443218277,{'G': 108877},0
S,595,1.0,1.0,1.019918182720307,{'V': 108879},0
S,596,1.0,1.0,1.019918182720307,{'S': 108879},0
S,597,1.0,0.6666666667,1.947626849043627,{'V': 108876},0
S,598,4.5518e-05,0.6666666667,1.293209494853321,{'I': 108878},1
S,599,1.0,1.0,1.019918182720307,{'T': 108879},0
S,600,9.605e-07,0.6666666667,1.83249507569194,{'P': 108876},1
S,601,1.0,1.0,1.768977048804871,{'G': 108877},0
S,602,1.0,1.0,1.293209494853321,{'T': 108878},0
S,603,0.2573349028,0.2701622121,4.449231755653358,"{'N': 108864, 'D': 4}",0
S,604,0.2241129611,0.6666666667,2.044044019788361,{'T': 108876},0
S,605,1.0,1.0,0.785111247492834,{'S': 108876},0
S,606,0.0647519527,0.6666666667,1.019918182720307,{'N': 108879},0
S,607,1.0,1.0,3.1653658218171072,{'Q': 108866},0
S,608,1.0,1.0,1.82296737165888,{'V': 108877},0
S,609,1.0,1.0,1.21553925492219,{'A': 108878},0
S,610,1.0,1.0,2.400981416331208,{'V': 108877},0
S,611,1.0,1.0,1.019918182720307,{'L': 108879},0
S,612,1.0,1.0,1.738756582071265,{'Y': 108873},0
S,613,0.0692515569,0.0911514128,11.281939339669286,"{'Q': 108675, 'H': 198}",0
S,614,5.19e-08,1.495e-07,-8.318400000035743,"{'G': 107397, 'D': 1453}",3
S,615,0.0555489544,0.0752668189,8.513605122365709,"{'V': 108816, 'F': 53}",0
S,616,0.0430647191,0.6666666667,1.019918182720307,{'N': 108879},1
S,617,0.0250129629,0.6666666667,1.019918182720307,{'C': 108879},1
S,618,0.0006760877,0.6666666667,4.975156572930815,"{'T': 108853, 'I': 18}",1
S,619,1.0,1.0,2.21484015082189,{'E': 108876},0
S,620,0.0025761817,0.6666666667,2.648015247563118,{'V': 108874},1
S,621,1.0,1.0,1.508553138567888,{'P': 108875},0
S,622,0.0759231461,0.0986260833,10.47445412303458,"{'V': 108659, 'F': 137, 'I': 64, 'L': 3}",0
S,623,0.0675001867,0.6666666667,2.73234665125687,{'A': 108868},0
S,624,1.0,0.6666666667,7.392500105203912,{'I': 108829},0
S,625,1.0,0.6666666667,3.88193152282226,"{'H': 108868, 'L': 2}",0
S,626,0.2677920204,0.2785352979,4.860169036460296,"{'A': 108853, 'S': 18}",0
S,627,0.3699008924,0.6666666667,3.714989984015088,"{'D': 108868, 'H': 3, 'G': 2}",0
S,628,1.0,1.0,2.9513997082613472,{'Q': 108874},0
S,629,1.0,1.0,1.75146391044699,{'L': 108878},0
S,630,0.2240913875,0.6666666667,1.7626252461161651,{'T': 108876},0
S,631,0.1676600317,0.1918032816,4.750111661691915,"{'P': 108847, 'S': 17}",0
S,632,1.0,1.0,1.959531129466078,{'T': 108877},0
S,633,1.0,1.0,1.75146391044699,{'W': 108878},0
S,634,1.0,1.0,2.27394536255707,{'R': 108877},0
S,635,1.0,0.6666666667,4.51242946948079,"{'V': 108840, 'F': 2}",0
S,636,0.0211304722,0.6666666667,2.675161722608034,{'Y': 108875},1
S,637,1.0,1.0,2.27394536255707,{'S': 108877},0
S,638,1.0,0.6666666667,2.201066269286928,"{'T': 108875, 'K': 2}",0
S,639,0.2448565914,0.2597267188,3.158922329050049,"{'G': 108868, 'V': 2, 'S': 4}",0
S,640,0.8127681864,0.6666666667,9.863768796170682,"{'S': 108740, 'F': 114, 'Y': 21}",0
S,641,0.2210656085,0.6666666667,2.531639426126016,{'N': 108876},0
S,642,0.0556138023,0.0752170854,5.992617126361662,"{'V': 108570, 'G': 20}",0
S,643,1.0,1.0,4.71180408591096,{'F': 108862},0
S,644,1.0,1.0,1.75146391044699,{'Q': 108878},0
S,645,1.0,1.0,1.458592669911837,{'T': 108879},0
S,646,1.0,0.6666666667,2.019873255008794,{'R': 108873},0
S,647,0.1749688557,0.1985730368,9.86950473933817,"{'A': 108775, 'S': 92}",0
S,648,1.1377e-06,0.6666666667,2.718988263344743,{'G': 108873},1
S,649,1.0,0.6666666667,5.447942085513731,{'C': 108811},0
S,650,0.2060265398,0.6666666667,1.458592669911837,{'L': 108879},0
S,651,1.0,0.6666666667,5.064291770774893,{'I': 108818},0
S,652,1.0,1.0,2.174185864960957,{'G': 108875},0
S,653,0.0004073729,0.0008305398,13.502044555738044,"{'A': 107848, 'V': 994}",3
S,654,0.0516351838,0.6666666667,3.774986293156581,"{'E': 108817, 'Q': 54, 'D': 2}",0
S,655,0.0025570663,0.0046429717,13.116561752888567,"{'H': 107664, 'Y': 1209}",3
S,656,1.0,1.0,2.198311492979935,{'V': 108875},0
S,657,0.0028724492,0.6666666667,2.943959700330047,{'N': 108873},1
S,658,0.025907317,0.0384224386,5.074284425242502,"{'N': 108856, 'K': 18, 'D': 2}",3
S,659,1.0,1.0,1.592260705441607,{'S': 108876},0
S,660,1.0,1.0,2.820510075369513,{'Y': 108873},0
S,661,0.2832734467,0.2903117638,7.248892402314108,"{'E': 108836, 'D': 42}",0
S,662,1.0,1.0,1.75146391044699,{'C': 108878},0
S,663,0.0406527926,0.6666666667,1.8896612998903022,{'D': 108877},1
S,664,1.0,1.0,1.75146391044699,{'I': 108878},0
S,665,0.0005990002,0.6666666667,1.922833862280695,{'P': 108876},1
S,666,1.0,1.0,2.669406416742823,{'I': 108869},0
S,667,1.0,1.0,1.622367270825618,{'G': 108874},0
S,668,0.001084605,0.6666666667,2.27394536255707,{'A': 108877},1
S,669,1.0,1.0,2.717537184312388,{'G': 108870},0
S,670,0.2827499013,0.2906300748,10.16415296687444,"{'I': 108763, 'V': 114}",0
S,671,0.0045822063,0.6666666667,0.0,{'C': 108880},1
S,672,0.1314915032,0.1569910188,4.015212034274931,"{'A': 108850, 'V': 26}",0
S,673,0.1557303134,0.1802350808,3.189931529999345,"{'S': 108849, 'T': 25}",0
S,674,0.0600859889,0.6666666667,0.0,{'Y': 108880},0
S,675,0.1914861662,0.6666666667,7.9751049095144495,"{'Q': 107110, 'R': 889, 'H': 873}",0
S,676,0.109393233,0.1345798453,7.938284623771511,"{'T': 108808, 'I': 60, 'N': 2}",0
S,677,0.0213697405,0.0323599837,12.81945928245538,"{'Q': 107768, 'H': 1099, 'R': 3}",3
S,678,0.0483846281,0.0667003945,5.947230885958556,"{'T': 108840, 'I': 21, 'P': 19}",1
S,679,0.0500469195,0.0687351424,5.280029116701938,"{'N': 108818, 'K': 58}",0
S,680,0.3072017507,0.3096626262,5.75872186542048,"{'S': 108860, 'F': 17}",0
S,681,3e-10,8e-10,19.085041821930552,"{'H': 82964, 'P': 25540, 'R': 252, 'L': 2}",3
S,682,1.39e-08,0.6666666667,3.804181821363731,{'R': 108871},1
S,683,1.52643e-05,0.6666666667,2.526889795347427,"{'R': 108869, 'W': 3}",1
S,684,0.079619208,0.1025989508,11.87063090576758,"{'A': 108543, 'V': 183, 'T': 147}",0
S,685,1.0,1.0,0.741750791342295,{'R': 108878},0
S,686,1.0,1.0,0.5812436955287771,{'S': 108879},0
S,687,1.0,1.0,0.6640805514111651,{'V': 108878},0
S,688,1.98004e-05,4.58696e-05,11.521418003699264,"{'A': 108436, 'V': 434, 'S': 2}",3
S,689,0.1558124018,0.1805641399,5.372914237587413,"{'S': 108854, 'I': 25}",0
S,690,0.5650237157,0.4640614668,3.923194323997587,"{'Q': 108850, 'R': 29}",0
S,691,1.63e-07,0.6666666667,2.138740703432151,{'S': 108870},1
S,692,9.9e-09,0.6666666667,1.5184531906535992,{'I': 108878},1
S,693,1.0,1.0,0.0,{'I': 108880},0
S,694,0.0430885237,0.0603182838,5.507212120251415,"{'A': 108859, 'V': 21}",1
S,695,1.0,1.0,0.0,{'Y': 108880},0
S,696,1.0,1.0,0.0,{'T': 108880},0
S,697,1.0,1.0,0.9747615111356861,{'M': 108878},0
S,698,0.4185535005,0.3893324494,6.836486536547446,"{'S': 108822, 'L': 58}",0
S,699,0.3147687149,0.3154097788,3.908479045682541,"{'L': 108866, 'I': 9}",0
S,700,1.0,1.0,0.0,{'G': 108880},0
S,701,6.23169e-05,0.000137109,16.306496991154614,"{'A': 106278, 'V': 2593}",3
S,702,1.0,1.0,1.776419179516851,{'E': 108872},0
S,703,0.9161962572,0.6490609464,8.479255012581508,"{'N': 108791, 'S': 41, 'D': 48}",0
S,704,0.2518418726,0.2655061627,13.03843441178467,"{'S': 108424, 'L': 452}",0
S,705,1.0,1.0,1.906804390309251,{'V': 108878},0
S,706,0.0170694215,0.0264325864,9.640942874265267,"{'A': 108747, 'V': 91, 'P': 25}",3
S,707,2.77938e-05,0.6666666667,0.0,{'Y': 108880},1
S,708,1.0,1.0,0.0,{'S': 108880},0
S,709,0.2214515119,0.6666666667,4.651626657605375,{'N': 108863},0
S,710,0.1150176092,0.1404499279,9.50383561944128,"{'N': 108728, 'D': 147}",0
S,711,1.0,1.0,0.0,{'S': 108880},0
S,712,0.3060757965,0.3085890106,7.374399969958502,"{'I': 108831, 'V': 47}",0
S,713,0.9999999327,0.6666666667,1.980591118243825,{'A': 108877},0
S,714,0.4476304018,0.4084549232,4.299147226370416,"{'I': 108856, 'V': 24}",0
S,715,0.00346321,0.6666666667,0.9786450231322431,{'P': 108878},1
S,716,0.0003157649,0.0006530583,18.475114003904686,"{'I': 81743, 'T': 26946, 'V': 62}",3
S,717,1.0,1.0,1.858410803715563,{'N': 108865},0
S,718,1.0,1.0,1.239255426316072,{'F': 108879},0
S,719,0.0483783187,0.0667297538,9.422504863065548,"{'T': 108624, 'I': 256}",1
S,720,1.0,1.0,0.0,{'I': 108880},0
S,721,1.0,0.6666666667,1.6038904545778432,"{'S': 108876, 'G': 3}",0
S,722,0.3863859635,0.3678722139,5.110865505886299,"{'V': 108862, 'I': 2}",0
S,723,0.0162130684,0.6666666667,4.265690701411164,"{'T': 108840, 'I': 40}",1
S,724,1.0,1.0,3.077423125546326,{'T': 108875},0
S,725,1.0,1.0,1.239255426316072,{'E': 108879},0
S,726,0.0137151671,0.6666666667,8.093968027180392,"{'I': 108816, 'V': 62}",1
S,727,1.0,1.0,1.5961234305847292,{'L': 108877},0
S,728,0.4780015604,0.4283819798,3.341177410190655,"{'P': 108839, 'S': 40}",0
S,729,1.0,1.0,2.528716480770247,{'V': 108867},0
S,730,1.0,1.0,2.156437012815992,{'S': 108876},0
S,731,1.0,0.6666666667,6.910905116677789,"{'M': 108830, 'I': 44}",0
S,732,0.0008685171,0.6666666667,11.062033205924271,"{'T': 108565, 'A': 197, 'I': 110}",1
S,733,1.0,1.0,2.407333219019915,{'K': 108877},0
S,734,0.0019063032,0.6666666667,1.75146391044699,{'T': 108878},1
S,735,1.0,1.0,2.0853428557230522,{'S': 108872},0
S,736,1.0,0.6666666667,3.639648122384037,"{'V': 108858, 'I': 21}",0
S,737,1.0,1.0,0.0,{'D': 108880},0
S,738,1.0,1.0,0.0,{'C': 108880},0
S,739,1.0,1.0,0.0,{'T': 108880},0
S,740,0.6889156126,0.5446427543,13.55499676231589,"{'M': 108173, 'V': 698, 'L': 1, 'I': 2}",0
S,741,0.3721906556,0.6666666667,1.019918182720307,{'Y': 108879},0
S,742,1.0,1.0,0.0,{'I': 108880},0
S,743,1.0,1.0,1.319537851049359,{'C': 108876},0
S,744,1.0,0.6666666667,0.690912317326659,{'G': 108879},0
S,745,1.0,0.6666666667,1.486981963107207,{'D': 108874},0
S,746,0.1099905571,0.6666666667,1.228219150031086,{'S': 108873},0
S,747,0.1070268955,0.1320279117,5.962160367247501,"{'T': 108840, 'I': 26, 'N': 2}",0
S,748,1.0,0.6666666667,3.07193517669477,"{'E': 108866, 'Q': 7}",0
S,749,1.0,0.6666666667,1.556720694417594,{'C': 108873},0
S,750,1.0,0.6666666667,1.46830136285122,{'S': 108870},0
S,751,0.0027395405,0.6666666667,2.282771765140619,{'N': 108875},1
S,752,0.0543652316,0.6666666667,2.272310045883747,{'L': 108865},0
S,753,0.0560413544,0.6666666667,3.5785660869457283,{'L': 108826},0
S,754,1.0,1.0,0.5812436955287771,{'L': 108879},0
S,755,1.0,1.0,1.826143273003233,{'Q': 108877},0
S,756,1.0,1.0,0.5812436955287771,{'Y': 108879},0
S,757,0.9999999418,0.6666666667,1.3631127107913381,{'G': 108878},0
S,758,1.0,1.0,1.3631127107913381,{'S': 108876},0
S,759,1.0,1.0,0.0,{'F': 108880},0
S,760,1.0,1.0,2.621962126146548,{'C': 108874},0
S,761,0.0638486205,0.6666666667,2.712364846283744,"{'T': 108865, 'I': 6}",0
S,762,1.0,1.0,0.0,{'Q': 108880},0
S,763,0.0286039555,0.6666666667,2.547500206901423,{'L': 108874},1
S,764,0.0042171237,0.6666666667,1.21553925492219,{'N': 108878},1
S,765,1.0,1.0,2.675943426092859,{'R': 108868},0
S,766,1.0,1.0,2.655604359940674,{'A': 108876},0
S,767,1.0,1.0,0.0,{'L': 108880},0
S,768,0.2245489732,0.6666666667,0.0,{'T': 108880},0
S,769,0.0975077984,0.1221242297,8.714916264546542,"{'G': 108715, 'V': 148}",0
S,770,1.0,0.6666666667,2.4211405863642392,{'I': 108874},0
S,771,0.0170923629,0.0264636394,4.883053407601312,"{'A': 108828, 'S': 47}",3
S,772,0.2691834613,0.2796977257,10.27261961100287,"{'V': 108278, 'I': 591}",0
S,773,1.0,1.0,0.0,{'E': 108880},0
S,774,1.0,1.0,0.0,{'Q': 108880},0
S,775,1.0,1.0,1.239255426316072,{'D': 108879},0
S,776,1.0,0.6666666667,5.209495194401665,{'K': 108806},0
S,777,0.0985278024,0.6666666667,2.6366693364951823,{'N': 108872},0
S,778,0.6638598748,0.6666666667,4.471843212276217,"{'T': 108861, 'I': 3, 'A': 3}",0
S,779,0.7773688729,0.6666666667,8.823075766468284,"{'Q': 108757, 'K': 91, 'R': 17, 'E': 5, 'L': 2}",0
S,780,0.2720114825,0.6666666667,4.5034524877775794,"{'E': 108865, 'A': 6, 'D': 1}",0
S,781,1.0,1.0,3.349119758316633,{'V': 108868},0
S,782,1.0,1.0,3.299867997164917,{'F': 108870},0
S,783,0.0209719919,0.6666666667,4.5922207648491415,"{'A': 108860, 'V': 2}",1
S,784,0.0519656719,0.6666666667,3.795217239796999,{'Q': 108867},0
S,785,0.9838840317,0.6666666667,6.653206661415492,"{'V': 108820, 'A': 24}",0
S,786,1.0,0.6666666667,4.405333547368569,"{'K': 108862, 'Q': 1}",0
S,787,0.5663968395,0.480642505,4.106969129219088,"{'Q': 108866, 'K': 2, 'R': 2}",0
S,788,0.3820514524,0.6666666667,4.550663616495198,"{'I': 108851, 'T': 2, 'M': 8, 'L': 1, 'F': 1}",0
S,789,0.001266938,0.6666666667,3.932444168539474,{'Y': 108868},1
S,790,1.0,1.0,2.725757528730663,{'K': 108874},0
S,791,0.0589895036,0.0792129651,9.132146631901108,"{'T': 108789, 'I': 88}",0
S,792,0.4783993516,0.4283499307,5.554685329509125,"{'P': 108801, 'T': 73}",0
S,793,0.6594106646,0.6666666667,8.484846653014003,"{'P': 108813, 'S': 62}",0
S,794,1.0,1.0,1.812642810000999,{'I': 108876},0
S,795,0.0472548256,0.6666666667,5.614780044471421,"{'K': 108857, 'R': 19}",1
S,796,0.0006652592,0.0013147673,14.0839718371307,"{'D': 107420, 'Y': 733, 'H': 718}",3
S,797,0.3989847559,0.3767106189,2.853084163860073,"{'F': 108868, 'C': 2}",0
S,798,1.0,1.0,3.305873611142967,{'G': 108868},0
S,799,0.9814049935,0.6666666667,2.238832181487669,"{'G': 108873, 'D': 2}",0
S,800,1.0,1.0,2.0781644734776,{'F': 108874},0
S,801,1.0,0.6666666667,3.927959595963808,{'N': 108600},0
S,802,0.9999999371,0.6666666667,2.281846176714046,{'F': 108872},0
S,803,1.0,0.6666666667,1.572071165454958,{'S': 108877},0
S,804,1.0,1.0,1.702451757721303,{'Q': 108876},0
S,805,1.0,1.0,2.672693861240314,{'I': 108874},0
S,806,1.0,1.0,3.752704089071843,{'L': 108867},0
S,807,0.31544174,0.3156427637,5.809631772487771,"{'P': 108834, 'S': 35, 'L': 2}",0
S,808,0.1032221642,0.6666666667,3.595468964018209,"{'D': 108866, 'H': 2, 'V': 2, 'Y': 2}",0
S,809,0.0856998428,0.6666666667,6.254268270017037,"{'P': 108828, 'S': 47}",0
S,810,1.0,1.0,2.369107624013464,{'S': 108876},0
S,811,1.0,1.0,1.9844746302403822,{'K': 108878},0
S,812,0.4442573666,0.4065746429,11.098804087865998,"{'P': 108605, 'S': 133, 'L': 137}",0
S,813,0.0012811024,0.0024359567,8.808761962310262,"{'S': 108790, 'I': 22, 'N': 59, 'R': 1}",3
S,814,0.0175079768,0.6666666667,1.9844746302403822,{'K': 108878},1
S,815,1.0,0.6666666667,3.8232562697974553,"{'R': 108869, 'M': 1}",0
S,816,1.0,1.0,1.509617416231835,{'S': 108876},0
S,817,1.0,1.0,1.440782950722469,{'F': 108878},0
S,818,0.0761788937,0.098934933,10.476698348527172,"{'I': 108600, 'V': 268}",0
S,819,1.0,1.0,0.0,{'E': 108880},0
S,820,1.0,1.0,1.9944580462624981,{'D': 108875},0
S,821,0.0,0.6666666667,2.7150832944578642,{'L': 108870},1
S,822,0.0444214612,0.0619179233,9.228415105939023,"{'L': 108758, 'F': 105}",1
S,823,0.2721032544,0.6666666667,3.895986469093496,{'F': 108872},0
S,824,0.0004536027,0.6666666667,1.5184531906535992,{'N': 108878},1
S,825,1.0,1.0,1.079806457080173,{'K': 108876},0
S,826,1.0,1.0,2.381486219849403,{'V': 108874},0
S,827,0.14326049,0.1683811962,12.902947380464067,"{'T': 108530, 'I': 347}",0
S,828,1.0,1.0,1.239255426316072,{'L': 108879},0
S,829,1.0,1.0,1.130101990997947,{'A': 108878},0
S,830,1.0,1.0,3.704436035196864,{'D': 108869},0
S,831,1.0,1.0,1.508553138567888,{'A': 108877},0
S,832,1.0,1.0,1.348924048113954,{'G': 108879},0
S,833,0.0571377165,0.6666666667,0.0,{'F': 108880},0
S,834,0.1259562026,0.1513022255,2.4714083843395662,"{'I': 108852, 'T': 21, 'S': 3}",0
S,835,1.0,1.0,0.9747615111356861,{'K': 108878},0
S,836,0.5652677612,0.479803143,3.048425845459541,"{'Q': 108874, 'L': 2}",0
S,837,1.0,1.0,0.0,{'Y': 108880},0
S,838,1.0,1.0,1.8960131025790092,{'G': 108877},0
S,839,0.0750440113,0.6666666667,4.205748604062537,"{'D': 108867, 'V': 6, 'G': 2}",0
S,840,1.0,1.0,1.348924048113954,{'C': 108879},0
S,841,1.0,1.0,0.690912317326659,{'L': 108879},0
S,842,0.2336710654,0.6666666667,3.013503956154979,{'G': 108864},0
S,843,0.3043221114,0.3072738253,11.612335815118092,"{'D': 108692, 'N': 172}",0
S,844,1.0,1.0,0.471575073730894,{'I': 108879},0
S,845,0.002359129,0.0043096576,10.631182035950399,"{'A': 107828, 'S': 1009, 'V': 17}",3
S,846,0.0170863378,0.0264156703,8.064106057386644,"{'A': 108794, 'V': 56, 'S': 29}",3
S,847,0.1076703995,0.6666666667,1.688017175520198,{'R': 108875},0
S,848,1.0,1.0,0.20970964781405202,{'D': 108878},0
S,849,0.0015001238,0.6666666667,0.0,{'L': 108880},1
S,850,1.0,0.6666666667,4.761169162138784,{'I': 108582},0
S,851,1.0,1.0,2.032576860386208,{'C': 108877},0
S,852,0.4332781427,0.3994686147,2.8777922572304293,"{'A': 108870, 'V': 6}",0
S,853,1.0,0.6666666667,3.92889879944727,{'Q': 108595},0
S,854,0.0290234968,0.6666666667,5.263860172125866,"{'K': 108773, 'N': 27}",1
S,855,1.0,1.0,4.521406451184001,{'F': 108849},0
S,856,2.48785e-05,0.6666666667,2.615470128328048,{'N': 108866},1
S,857,1.0,1.0,1.440782950722469,{'G': 108878},0
S,858,0.0023559545,0.6666666667,2.258916571733768,{'L': 108876},1
S,859,0.0052554942,0.0090319407,10.48979385609169,"{'T': 108714, 'I': 103, 'N': 58}",3
S,860,1.0,0.6666666667,2.773372628047275,{'V': 108866},0
S,861,1.0,1.0,2.530810493245561,{'L': 108871},0
S,862,1.0,1.0,1.239255426316072,{'P': 108879},0
S,863,1.0,1.0,1.3631127107913381,{'P': 108878},0
S,864,1.0,1.0,1.370879734784451,{'L': 108878},0
S,865,0.3156841642,0.6666666667,1.8896612998903022,{'L': 108876},0
S,866,1.0,1.0,1.239255426316072,{'T': 108879},0
S,867,0.0206942188,0.6666666667,2.088120440700239,{'D': 108876},1
S,868,1.0,1.0,1.239255426316072,{'E': 108879},0
S,869,1.0,1.0,2.289824869278837,{'M': 108877},0
S,870,1.0,1.0,2.592244504879848,{'I': 108876},0
S,871,0.0047807715,0.008249003,8.179327775451132,"{'A': 108808, 'V': 33, 'S': 36}",3
S,872,1.0,1.0,1.829134150378121,{'Q': 108878},0
S,873,1.0,1.0,1.765811612782128,{'Y': 108875},0
S,874,0.0150545803,0.6666666667,1.959531129466078,{'T': 108877},1
S,875,0.1792081727,0.6666666667,2.41249860304232,{'S': 108871},0
S,876,1.0,0.6666666667,1.9844746302403822,"{'A': 108877, 'S': 2}",0
S,877,0.0177630649,0.6666666667,3.159729808211342,{'L': 108868},1
S,878,0.0047694572,0.6666666667,2.212085374514897,{'L': 108876},1
S,879,0.1230441392,0.1485139999,12.206282672510888,"{'A': 108511, 'S': 66, 'V': 299}",0
S,880,1.0,1.0,2.30537036410285,{'G': 108869},0
S,881,1.0,1.0,1.285442470860208,{'T': 108878},0
S,882,1.0,1.0,3.101101961088353,{'I': 108866},0
S,883,0.2544463784,0.2678403946,6.738892908583214,"{'T': 108841, 'I': 34}",0
S,884,0.1488082691,0.1737546918,6.170410227785069,"{'S': 108841, 'F': 26}",0
S,885,1.0,1.0,2.630987813327776,{'G': 108873},0
S,886,1.0,1.0,1.5961234305847292,{'W': 108877},0
S,887,0.0789778399,0.6666666667,1.239255426316072,{'T': 108879},0
S,888,0.0583975836,0.078604487,13.981494690109276,"{'F': 108272, 'L': 604}",0
S,889,1.0,1.0,1.239255426316072,{'G': 108879},0
S,890,0.4332971039,0.3994100318,9.212396178304198,"{'A': 108802, 'V': 61}",0
S,891,0.9828556801,0.6666666667,5.446241701858538,"{'G': 108862, 'D': 4}",0
S,892,0.286206761,0.293477797,8.87325059981098,"{'A': 108800, 'V': 70, 'S': 2}",0
S,893,1.0,0.6666666667,2.369107624013464,"{'A': 108875, 'V': 2}",0
S,894,0.0114509361,0.6666666667,0.0,{'L': 108880},1
S,895,1.0,1.0,0.8005809391245421,{'Q': 108879},0
S,896,0.4476501229,0.4090780654,3.131716075636157,"{'I': 108875, 'T': 4}",0
S,897,1.0,1.0,1.129586804518189,{'P': 108879},0
S,898,1.0,1.0,0.0,{'F': 108880},0
S,899,0.0171079565,0.0264648932,12.738790759638759,"{'A': 108541, 'S': 333}",3
S,900,1.0,1.0,1.239255426316072,{'M': 108879},0
S,901,1.0,1.0,0.0,{'Q': 108880},0
S,902,1.0,1.0,1.239255426316072,{'M': 108879},0
S,903,1.0,1.0,0.690912317326659,{'A': 108879},0
S,904,1.0,1.0,0.0,{'Y': 108880},0
S,905,1.0,1.0,0.0,{'R': 108880},0
S,906,1.0,1.0,1.910687902305808,{'F': 108878},0
S,907,1.0,1.0,1.672446482417708,{'N': 108879},0
S,908,1.0,1.0,1.458592669911837,{'G': 108879},0
S,909,1.0,1.0,1.019918182720307,{'I': 108879},0
S,910,1.0,1.0,1.5784229681436641,{'G': 108877},0
S,911,0.1179167358,0.1432323042,6.02406713970898,"{'V': 108854, 'I': 24}",0
S,912,1.0,1.0,1.129586804518189,{'T': 108879},0
S,913,1.0,1.0,2.400981416331208,{'Q': 108877},0
S,914,1.0,1.0,0.0,{'N': 108880},0
S,915,1.0,1.0,0.910249560922424,{'V': 108879},0
S,916,1.0,1.0,1.953179326777371,{'L': 108877},0
S,917,1.0,1.0,2.337463389444139,{'Y': 108877},0
S,918,1.0,1.0,2.724518949962426,{'E': 108875},0
S,919,0.0647989885,0.6666666667,0.910249560922424,{'N': 108879},0
S,920,1.0,0.6666666667,6.124203120684155,{'Q': 108549},0
S,921,0.0064725931,0.6666666667,3.56977000169209,{'K': 108785},1
S,922,1.0,0.6666666667,3.956338847212669,{'L': 108718},0
S,923,0.0580668652,0.6666666667,3.1315374847900532,{'I': 108851},0
S,924,0.007532978,0.6666666667,1.599422430004021,{'A': 108865},1
S,925,0.0006572062,0.6666666667,0.910249560922424,{'N': 108879},1
S,926,1.0,1.0,0.0,{'Q': 108880},0
S,927,1.0,1.0,0.0,{'F': 108880},0
S,928,1.0,1.0,0.0,{'N': 108880},0
S,929,0.5396029681,0.4652398366,6.543658052172165,"{'S': 108843, 'I': 31}",0
S,930,1.0,1.0,1.445035111680819,{'A': 108877},0
S,931,0.3060674518,0.3089493745,5.285946059574148,"{'I': 108853, 'V': 25}",0
S,932,0.1157969425,0.6666666667,3.093613792752465,"{'G': 108876, 'S': 2}",0
S,933,1.0,1.0,0.8005809391245421,{'K': 108879},0
S,934,0.0010321449,0.6666666667,1.75146391044699,{'I': 108878},1
S,935,1.0,1.0,0.0,{'Q': 108880},0
S,936,0.0170783698,0.0264468863,7.8477167387955795,"{'D': 107888, 'N': 272, 'Y': 681, 'H': 27, 'V': 5}",3
S,937,0.0056752565,0.6666666667,0.690912317326659,{'S': 108879},1
S,938,0.5364243055,0.4629118555,8.42744199049961,"{'L': 108805, 'F': 73}",0
S,939,0.0022352511,0.0040978443,13.835118760521237,"{'S': 107915, 'F': 952}",3
S,940,0.0009510527,0.6666666667,9.16315916052153,"{'S': 108801, 'F': 71}",1
S,941,4.08525e-05,0.6666666667,7.821555029690609,{'T': 108766},1
S,942,0.1456231205,0.6666666667,5.467083122686314,"{'A': 108853, 'V': 23}",0
S,943,1.0,0.6666666667,7.10181757128929,{'S': 108795},0
S,944,0.1028875683,0.6666666667,0.690912317326659,{'A': 108879},0
S,945,0.1551337975,0.1798902983,6.200755953171305,"{'L': 108853, 'F': 24}",0
S,946,0.160918029,0.1850799679,4.8672743880286475,"{'G': 108831, 'E': 42, 'R': 3}",0
S,947,1.0,1.0,0.0,{'K': 108880},0
S,948,0.1738735167,0.6666666667,1.5961234305847292,{'L': 108877},0
S,949,1.0,1.0,1.672446482417708,{'Q': 108879},0
S,950,0.342516946,0.3363337524,10.300491578537072,"{'D': 108721, 'N': 141}",0
S,951,0.2676200577,0.6666666667,1.8960131025790092,{'V': 108877},0
S,952,0.0001149168,0.6666666667,1.705206534028295,{'V': 108876},1
S,953,1.0,1.0,0.0,{'N': 108880},0
S,954,1.0,1.0,0.8005809391245421,{'Q': 108879},0
S,955,1.0,1.0,0.8005809391245421,{'N': 108879},0
S,956,1.0,1.0,0.0,{'A': 108880},0
S,957,1.0,1.0,2.7220510885947062,{'Q': 108874},0
S,958,1.0,1.0,2.408313869992811,{'A': 108872},0
S,959,1.0,1.0,0.471575073730894,{'L': 108879},0
S,960,0.0001047642,0.6666666667,1.370879734784451,{'N': 108878},1
S,961,0.199365526,0.2204695765,5.921788759301284,"{'T': 108854, 'M': 22}",0
S,962,1.0,1.0,1.129586804518189,{'L': 108879},0
S,963,0.0302449323,0.6666666667,0.0,{'V': 108880},1
S,964,1.0,1.0,0.0,{'K': 108880},0
S,965,1.0,1.0,0.0,{'Q': 108880},0
S,966,1.0,1.0,0.471575073730894,{'L': 108879},0
S,967,1.0,1.0,0.0,{'S': 108880},0
S,968,1.0,1.0,0.5812436955287771,{'S': 108879},0
S,969,0.006238305,0.6666666667,1.5961234305847292,{'N': 108878},1
S,970,1.0,1.0,1.440782950722469,{'F': 108878},0
S,971,0.233673735,0.6666666667,0.0,{'G': 108880},0
S,972,1.0,1.0,1.348924048113954,{'A': 108879},0
S,973,1.0,1.0,0.0,{'I': 108880},0
S,974,1.0,1.0,0.8005809391245421,{'S': 108879},0
S,975,1.0,1.0,0.0,{'S': 108880},0
S,976,0.2109355981,0.6666666667,5.066010007845477,"{'V': 108860, 'F': 5}",0
S,977,1.0,1.0,1.75146391044699,{'L': 108878},0
S,978,1.0,1.0,0.0,{'N': 108880},0
S,979,0.0028882564,0.6666666667,2.371862400320456,{'D': 108876},1
S,980,0.0225548218,0.6666666667,2.994441845700739,{'I': 108876},1
S,981,0.1551113954,0.1797149553,5.446124163286967,"{'L': 108853, 'I': 20}",0
S,982,0.0001381707,0.0002981115,18.621397222825873,"{'A': 81780, 'S': 27034}",3
S,983,0.1893510403,0.6666666667,3.5493514840176603,{'R': 108874},0
S,984,1.0,1.0,0.0,{'L': 108880},0
S,985,1.0,1.0,2.212085374514897,{'D': 108876},0
S,986,1.0,1.0,0.0,{'K': 108880},0
S,987,0.2689127469,0.279516399,2.484808228907145,"{'V': 108875, 'F': 5}",0
S,988,1.0,1.0,1.5961234305847292,{'E': 108878},0
S,989,1.0,1.0,2.062144870171512,{'A': 108878},0
S,990,1.0,1.0,1.019918182720307,{'E': 108879},0
S,991,0.0033522456,0.6666666667,1.019918182720307,{'V': 108879},1
S,992,1.0,1.0,1.348924048113954,{'Q': 108879},0
S,993,1.0,1.0,1.672446482417708,{'I': 108879},0
S,994,1.0,1.0,1.3211749592510351,{'D': 108877},0
S,995,1.0,1.0,2.148725519454072,{'R': 108876},0
S,996,1.0,1.0,0.819421031273425,{'L': 108878},0
S,997,1.0,1.0,0.690912317326659,{'I': 108879},0
S,998,1.0,1.0,0.0,{'T': 108880},0
S,999,0.3913398861,0.6666666667,1.239255426316072,{'G': 108879},0
S,1000,1.0,1.0,0.0,{'R': 108880},0
S,1001,1.0,1.0,0.741750791342295,{'L': 108878},0
S,1002,1.0,1.0,0.0,{'Q': 108880},0
S,1003,1.0,1.0,0.910249560922424,{'S': 108879},0
S,1004,1.0,1.0,1.910687902305808,{'L': 108878},0
S,1005,1.0,1.0,1.5961234305847292,{'Q': 108878},0
S,1006,0.1669219819,0.6666666667,9.885262121785331,"{'T': 108766, 'I': 109}",0
S,1007,0.0387383927,1.47163e-05,5.706411979918093,"{'Y': 108849, 'T': 26, 'S': 2}",3
S,1008,0.0265621896,0.6666666667,0.0,{'V': 108880},1
S,1009,1.0,1.0,1.75146391044699,{'T': 108877},0
S,1010,1.0,1.0,5.677907048805344,{'Q': 108850},0
S,1011,0.0521422056,0.6666666667,6.12340368615367,{'Q': 108850},0
S,1012,0.0025502739,0.6666666667,1.5961234305847292,"{'L': 108878, 'Y': 2}",1
S,1013,0.7092311114,0.6666666667,6.12246153098727,"{'I': 108849, 'L': 28}",0
S,1014,1.0,1.0,3.215401058312248,{'R': 108871},0
S,1015,1.0,1.0,0.0,{'A': 108880},0
S,1016,1.0,1.0,-0.1864366570564,{'A': 108879},0
S,1017,1.0,1.0,0.0,{'E': 108880},0
S,1018,0.0042392325,0.6666666667,1.9834389410345281,{'I': 108875},1
S,1019,1.0,1.0,0.8005809391245421,{'R': 108879},0
S,1020,0.0013753304,0.002600645,8.705645087488657,"{'A': 108782, 'S': 68, 'V': 27, 'F': 1}",3
S,1021,1.0,1.0,0.690912317326659,{'S': 108879},0
S,1022,0.1964029805,0.6666666667,0.827188055266538,{'A': 108878},0
S,1023,1.0,1.0,0.0,{'N': 108880},0
S,1024,1.0,1.0,1.19731480682125,{'L': 108877},0
S,1025,1.0,1.0,0.0,{'A': 108880},0
S,1026,1.0,1.0,0.0,{'A': 108880},0
S,1027,0.0012807036,0.0024365466,12.601368381158135,"{'T': 108326, 'I': 547}",3
S,1028,1.0,1.0,0.0,{'K': 108880},0
S,1029,1.0,1.0,0.0,{'M': 108880},0
S,1030,1.0,1.0,1.699107219229096,{'S': 108877},0
S,1031,1.0,1.0,0.0,{'E': 108880},0
S,1032,1.0,1.0,4.073837623697656,{'C': 108871},0
S,1033,0.1123160583,0.6666666667,1.3631127107913381,{'V': 108878},0
S,1034,1.0,1.0,1.63876509368638,{'L': 108877},0
S,1035,1.0,1.0,1.348924048113954,{'G': 108879},0
S,1036,1.0,1.0,0.910249560922424,{'Q': 108879},0
S,1037,1.0,1.0,0.5763425910257121,{'S': 108870},0
S,1038,1.0,1.0,0.471575073730894,{'K': 108879},0
S,1039,0.0012915002,0.6666666667,1.194138905476897,{'R': 108877},1
S,1040,0.2106413773,0.6666666667,1.260832833708319,{'V': 108877},0
S,1041,1.0,1.0,1.9834389410345281,{'D': 108876},0
S,1042,1.0,1.0,2.127805752974351,{'F': 108874},0
S,1043,1.0,1.0,2.2534070191197833,{'C': 108876},0
S,1044,1.0,1.0,2.038534467174376,{'G': 108876},0
S,1045,0.0928526587,0.6666666667,2.874887770597506,{'K': 108868},0
S,1046,1.0,1.0,2.046574568343304,{'G': 108874},0
S,1047,1.0,1.0,1.826143273003233,{'Y': 108877},0
S,1048,1.0,1.0,3.936974080672269,{'H': 108865},0
S,1049,1.0,1.0,2.5903722210122533,{'L': 108874},0
S,1050,1.0,1.0,3.521313273591444,{'M': 108856},0
S,1051,1.0,0.6666666667,2.768012716082674,"{'S': 108872, 'T': 1}",0
S,1052,0.2716619429,0.6666666667,2.478418980813096,{'F': 108861},0
S,1053,0.0485892575,0.6666666667,2.476045580703624,{'P': 108859},1
S,1054,0.0007176444,0.6666666667,2.320434475953108,{'Q': 108867},1
S,1055,0.1098388255,0.6666666667,1.589302720811415,{'S': 108872},0
S,1056,0.1025907371,0.6666666667,1.539919955608751,{'A': 108875},0
S,1057,0.0002351185,0.6666666667,2.037548881162076,{'P': 108872},1
S,1058,0.1991903154,0.220368647,4.068350770595563,"{'H': 108859, 'Y': 17}",0
S,1059,1.0,1.0,1.3631127107913381,{'G': 108877},0
S,1060,0.0014829638,0.6666666667,2.677629583975753,{'V': 108874},1
S,1061,0.0101108102,0.6666666667,1.6501110078884471,{'V': 108875},1
S,1062,0.0001294171,0.6666666667,1.7575472838611512,{'F': 108875},1
S,1063,0.0236195129,0.0353744013,7.38359237287712,"{'L': 108755, 'F': 115}",3
S,1064,1.0,1.0,1.3631127107913381,{'H': 108877},0
S,1065,0.0004492539,0.6666666667,3.800983385026753,"{'V': 108865, 'L': 2}",1
S,1066,0.1072343329,0.1321842733,5.136599815993391,"{'T': 108855, 'N': 21}",0
S,1067,1.0,0.6666666667,2.023049156353147,{'Y': 108876},0
S,1068,1.0,1.0,1.3631127107913381,{'V': 108877},0
S,1069,0.9999999524,0.6666666667,4.160148018202332,{'P': 108862},0
S,1070,0.0382383192,0.054103256,9.043710723199437,"{'A': 108562, 'S': 218, 'V': 92}",1
S,1071,0.6157671885,0.6666666667,9.093096385706552,"{'Q': 108747, 'L': 49, 'H': 67}",0
S,1072,1.0,1.0,1.699107219229096,{'E': 108876},0
S,1073,0.0002250916,0.6666666667,8.375840380257685,"{'K': 108812, 'M': 49, 'N': 3}",1
S,1074,0.1522930933,0.6666666667,2.038534467174376,{'N': 108876},0
S,1075,1.0,1.0,2.324619209002617,{'F': 108872},0
S,1076,1.0,1.0,1.73737440287459,{'T': 108875},0
S,1077,1.0,1.0,2.310575918394204,{'T': 108873},0
S,1078,0.0004092188,0.0008340305,7.167601219657717,"{'A': 108568, 'S': 306, 'T': 2}",3
S,1079,0.5854224125,0.4913218866,5.601146445997991,"{'P': 108836, 'S': 40}",0
S,1080,0.1017669555,0.6666666667,2.201066269286928,{'A': 108876},0
S,1081,1.0,1.0,3.136370104365347,{'I': 108865},0
S,1082,1.0,1.0,1.458592669911837,{'C': 108879},0
S,1083,0.2327052149,0.6666666667,8.500239757020344,"{'H': 108813, 'Y': 62}",0
S,1084,0.0755275894,0.0980684392,5.230636716975037,"{'D': 108841, 'Y': 26}",0
S,1085,0.1605371258,0.1848248766,3.450648048560177,"{'G': 108864, 'A': 3}",0
S,1086,1.0,0.6666666667,5.936155818066994,{'K': 108849},0
S,1087,0.4336358802,0.3997997663,3.16575055195406,"{'A': 108872, 'S': 2}",0
S,1088,1.0,1.0,2.2038210455939202,{'H': 108876},0
S,1089,1.0,1.0,2.638629685444249,{'F': 108872},0
S,1090,0.0486371754,0.6666666667,1.818152362614984,{'P': 108876},1
S,1091,0.4725063364,0.4247932582,9.190601753819543,"{'R': 108780, 'L': 79, 'S': 5}",0
S,1092,0.3972776325,0.3751717951,4.553179532576689,"{'E': 108861, 'D': 2, 'K': 11}",0
S,1093,1.0,0.6666666667,2.201066269286928,{'G': 108876},0
S,1094,0.1143434808,0.6666666667,2.316249742903598,"{'V': 108872, 'A': 2}",0
S,1095,1.0,1.0,1.38151708479375,{'F': 108877},0
S,1096,1.0,1.0,1.393916811338154,{'V': 108875},0
S,1097,1.0,0.6666666667,1.829319174347587,"{'S': 108876, 'T': 3}",0
S,1098,1.0,1.0,0.9747615111356861,{'N': 108878},0
S,1099,0.2254233708,0.6666666667,2.485136397293625,{'G': 108873},0
S,1100,0.1208999768,0.6666666667,2.625804495253642,"{'T': 108873, 'I': 2}",0
S,1101,0.4454525958,0.4078025745,9.687707701441276,"{'H': 108765, 'D': 28, 'Y': 70}",0
S,1102,1.0,1.0,0.471575073730894,{'W': 108879},0
S,1103,1.0,1.0,2.524622179177139,{'F': 108875},0
S,1104,0.1570587559,0.1816263752,6.725487859713585,"{'V': 108835, 'L': 45}",0
S,1105,1.0,1.0,0.0,{'T': 108880},0
S,1106,1.0,1.0,0.0,{'Q': 108880},0
S,1107,1.0,1.0,1.129586804518189,{'R': 108879},0
S,1108,0.2214696452,0.6666666667,0.910249560922424,{'N': 108879},0
S,1109,1.0,1.0,1.207772230929078,{'F': 108878},0
S,1110,2.56846e-05,0.6666666667,1.977929388420543,{'Y': 108876},1
S,1111,1.0,1.0,3.289314048346693,{'E': 108869},0
S,1112,1.0,1.0,0.910249560922424,{'P': 108879},0
S,1113,1.0,1.0,2.016697353664441,{'Q': 108877},0
S,1114,0.0140257531,0.6666666667,4.68286863141679,"{'I': 108826, 'T': 43, 'V': 2}",1
S,1115,1.0,1.0,1.370879734784451,{'I': 108878},0
S,1116,2.16735e-05,0.6666666667,2.821764582042695,"{'T': 108847, 'S': 20}",1
S,1117,0.0384152112,0.0543406174,6.672157319328019,"{'T': 108826, 'I': 48, 'A': 2}",1
S,1118,0.0,0.0,18.624954545270377,"{'H': 81651, 'D': 27055, 'Y': 34}",3
S,1119,5.05705e-05,0.6666666667,2.186523018368798,{'N': 108872},1
S,1120,1.0,1.0,2.341358141200656,{'T': 108872},0
S,1121,0.0019202905,0.6666666667,1.67379367051586,{'F': 108878},1
S,1122,0.3467009732,0.6666666667,6.108845291369726,"{'V': 108803, 'L': 69}",0
S,1123,1.0,1.0,2.016697353664441,{'S': 108877},0
S,1124,0.2444894608,0.2593005782,4.8053454547085845,"{'G': 108843, 'V': 27}",0
S,1125,0.1150397107,0.1403513337,2.8671560956177062,"{'N': 108870, 'T': 4}",0
S,1126,1.0,1.0,2.28347306659013,{'C': 108877},0
S,1127,0.1670500849,0.6666666667,4.737344201529688,"{'D': 108852, 'A': 19}",0
S,1128,1.0,1.0,1.67379367051586,{'V': 108878},0
S,1129,1.0,1.0,2.228478815050788,{'V': 108875},0
S,1130,1.0,0.6666666667,4.399294686708661,"{'I': 108866, 'K': 1, 'M': 5}",0
S,1131,0.4727716292,1.87466e-05,3.7208785698010223,"{'G': 108867, 'E': 1, 'I': 1, 'N': 1}",2
S,1132,0.7619795166,0.6666666667,2.962681817237881,"{'I': 108871, 'M': 1, 'S': 1, 'K': 1, 'F': 1}",0
S,1133,0.7341750024,1.02936e-05,2.856938164194252,"{'V': 108862, 'F': 2, 'Q': 1, 'C': 1, 'E': 1}",2
S,1134,0.0927838977,2.274e-07,2.9130405377411313,"{'N': 108871, 'L': 2, 'R': 1}",2
S,1135,0.583387536,0.6666666667,3.442346306210951,"{'N': 108868, 'A': 1, 'S': 1, 'H': 1}",0
S,1136,0.0470656624,0.6666666667,3.2208533233171632,"{'T': 108869, 'L': 1, 'V': 1, 'N': 1, 'I': 2}",1
S,1137,0.8648108078,0.6666666667,2.908527694150517,"{'V': 108872, 'F': 1, 'L': 1}",0
S,1138,1.0,1.0,3.456095197205209,{'Y': 108870},0
S,1139,0.3813837423,0.6467376789,4.099364598633834,"{'D': 108847, 'H': 2, 'G': 1}",0
S,1140,0.3967901227,0.3745459678,3.408793826946913,"{'P': 108840, 'H': 1}",0
S,1141,1.0,1.0,3.066477219821996,{'L': 108870},0
S,1142,1.0,1.0,2.603263610107818,{'Q': 108875},0
S,1143,1.0,1.0,2.703193310777595,{'P': 108873},0
S,1144,0.5501615105,0.471837706,3.719107812535838,"{'E': 108869, 'Q': 4}",0
S,1145,1.0,1.0,3.037937343662813,{'L': 108875},0
S,1146,0.0021309439,0.6666666667,5.24597465078461,"{'D': 108853, 'H': 17}",1
S,1147,0.0236766557,0.6666666667,2.5887865747378482,{'S': 108875},1
S,1148,0.000138028,0.6666666667,2.597754057493833,{'F': 108876},1
S,1149,1.0,1.0,3.224336814647195,{'K': 108873},0
S,1150,1.0,1.0,3.440412405612672,{'E': 108872},0
S,1151,1.0,1.0,3.856231505123154,{'E': 108870},0
S,1152,1.0,1.0,2.597754057493833,{'L': 108876},0
S,1153,0.3048939504,0.3080715092,5.915333913879499,"{'D': 108848, 'Y': 20, 'G': 6}",0
S,1154,1.0,1.0,2.887465804161667,{'K': 108872},0
S,1155,0.3024965614,0.3061460388,7.541414977664231,"{'Y': 108821, 'F': 54}",0
S,1156,0.3991805643,0.3767381715,6.177851647795896,"{'F': 108847, 'L': 28}",0
S,1157,1.0,1.0,3.982356687410114,{'K': 108870},0
S,1158,0.2210383462,0.6666666667,3.154477669838963,{'N': 108868},0
S,1159,0.0917889354,0.6666666667,3.274068024990225,"{'H': 108874, 'Y': 2}",0
S,1160,1.0,1.0,3.154477669838963,{'T': 108874},0
S,1161,1.0,1.0,3.435665833647433,{'S': 108873},0
S,1162,0.2248426095,0.2427539551,11.5221315999236,"{'P': 108437, 'L': 275, 'S': 83, 'R': 75}",0
S,1163,0.0066425426,0.011158085,6.8733534528041265,"{'D': 108751, 'Y': 102, 'N': 20}",3
S,1164,1.0,0.6666666667,3.059707954436076,"{'V': 108873, 'F': 2}",0
S,1165,1.0,1.0,2.682565306711192,{'D': 108875},0
S,1166,1.0,1.0,3.046169423664234,{'L': 108874},0
S,1167,0.0439589177,0.0613159454,8.213356796206966,"{'G': 108807, 'R': 41, 'V': 26}",1
S,1168,1.0,1.0,2.736858256801023,{'D': 108875},0
S,1169,1.0,1.0,3.128716922711011,{'I': 108871},0
S,1170,1.0,1.0,3.532054871165861,{'S': 108869},0
S,1171,0.1249237761,0.1504248899,6.733975834038398,"{'G': 108824, 'V': 50}",0
S,1172,1.0,1.0,3.6944933972846483,{'I': 108856},0
S,1173,0.2207971159,0.6666666667,3.5266677593716222,{'N': 108870},0
S,1174,0.1954238103,0.6666666667,4.54427327396746,"{'A': 108866, 'V': 2}",0
S,1175,0.1096131556,0.6666666667,3.811586554835972,{'S': 108869},0
S,1176,0.0024714244,0.0045003015,10.641872891211078,"{'V': 108306, 'F': 556}",3
S,1177,0.3798909572,0.6666666667,5.388676373223271,"{'V': 108849, 'I': 20, 'N': 1, 'T': 1}",0
S,1178,1.62624e-05,0.6666666667,3.811586554835972,{'N': 108868},1
S,1179,0.0577663833,0.6666666667,4.065843936013423,"{'I': 108865, 'V': 3}",0
S,1180,0.0060239286,0.6666666667,5.501666074091455,{'Q': 108576},1
S,1181,1.0,1.0,3.5266677593716222,{'K': 108870},0
S,1182,1.0,0.6666666667,7.173339622866131,"{'E': 108844, 'D': 18}",0
S,1183,0.3067919196,0.3092812385,3.5616768001478443,"{'I': 108868, 'V': 4}",0
S,1184,1.0,1.0,3.4992228740846842,{'D': 108872},0
S,1185,0.9999999524,0.6666666667,2.916758935508235,{'R': 108873},0
S,1186,0.3156321856,0.6666666667,2.216779138358708,{'L': 108877},0
S,1187,0.0027280813,0.0048996509,9.209998026611935,"{'N': 108698, 'S': 71, 'D': 32, 'T': 13, 'Y': 58}",3
S,1188,0.0039393536,0.6666666667,2.29903910196146,{'E': 108878},1
S,1189,1.0,1.0,3.149964826248349,{'V': 108874},0
S,1190,1.0,0.6666666667,2.534493624648017,"{'A': 108875, 'S': 1}",0
S,1191,0.8121623165,0.5995803785,8.832348472604401,"{'K': 108784, 'N': 95}",0
S,1192,1.0,1.0,1.67379367051586,{'N': 108878},0
S,1193,1.0,1.0,2.277121263901424,{'L': 108877},0
S,1194,1.0,0.6666666667,0.904858295197669,{'N': 108877},0
S,1195,1.0,0.6666666667,2.532145885387446,"{'E': 108859, 'D': 19}",0
S,1196,1.0,1.0,1.8896612998903022,{'S': 108877},0
S,1197,0.1731248519,0.1964312887,2.371614774378524,"{'L': 108875, 'F': 2}",0
S,1198,0.9999999327,0.6666666667,2.552013050492036,{'I': 108873},0
S,1199,0.007559169,0.6666666667,2.687501029446632,{'D': 108875},1
S,1200,0.0079399507,0.6666666667,3.554112644658561,{'L': 108866},1
S,1201,0.2505979011,0.2644616549,7.512695616950961,"{'Q': 108821, 'K': 51}",0
S,1202,0.39740793,0.3753444519,5.610136264858324,"{'E': 108850, 'Q': 20, 'G': 2}",0
S,1203,0.1551391277,0.1798498919,3.8630944596151853,"{'L': 108862, 'F': 17}",0
S,1204,1.0,1.0,1.239255426316072,{'G': 108879},0
S,1205,0.9793552609,0.6666666667,6.110501010308447,"{'K': 108838, 'N': 41}",0
S,1206,0.0212283383,0.6666666667,0.0,{'Y': 108880},1
S,1207,0.1901697498,0.6666666667,5.072511303787913,"{'E': 108850, 'D': 30}",0
S,1208,0.294938273,0.3004282183,9.449967809154924,"{'Q': 108787, 'H': 90}",0
S,1209,1.0,1.0,2.680097445343473,{'Y': 108875},0
S,1210,1.0,1.0,1.9844746302403822,{'I': 108878},0
S,1211,1.0,1.0,0.0,{'K': 108880},0
S,1212,1.0,1.0,0.0,{'W': 108880},0
S,1213,1.0,1.0,0.690912317326659,{'P': 108879},0
S,1214,1.0,1.0,1.348924048113954,{'W': 108879},0
S,1215,0.0005378186,0.6666666667,0.30073103786660105,{'Y': 108862},1
S,1216,0.1477855162,0.1728202678,6.028270496446528,"{'I': 108842, 'T': 36}",0
S,1217,1.0,1.0,1.348924048113954,{'W': 108879},0
S,1218,1.0,1.0,0.0,{'L': 108880},0
S,1219,0.3473560095,0.3397660308,11.361606914077518,"{'G': 108100, 'C': 61, 'V': 712, 'S': 2}",0
S,1220,1.0,1.0,1.971821232807951,{'F': 108874},0
S,1221,0.4476330103,0.4088470566,5.8251460743404,"{'I': 108842, 'V': 36}",0
S,1222,1.0,1.0,1.67379367051586,{'A': 108878},0
S,1223,0.0357273791,0.6666666667,0.910249560922424,{'G': 108879},1
S,1224,1.0,1.0,1.67379367051586,{'L': 108878},0
S,1225,0.3061519556,0.3086542987,4.023183966655784,"{'I': 108852, 'V': 25}",0
S,1226,0.3450980111,0.6666666667,2.353912340349185,"{'A': 108871, 'V': 5}",0
S,1227,1.0,1.0,0.910249560922424,{'I': 108879},0
S,1228,0.0207077301,0.0312398924,10.978342466314329,"{'V': 108643, 'L': 231}",3
S,1229,0.9208638807,0.6575223954,7.091124493418681,"{'M': 108747, 'I': 131}",0
S,1230,0.0004542002,0.6666666667,3.120875526914743,{'V': 108872},1
S,1231,1.0,1.0,2.159744624682042,{'T': 108876},0
S,1232,1.0,1.0,3.633437307369023,{'I': 108868},0
S,1233,1.0,1.0,3.5884085899545353,{'M': 108873},0
S,1234,1.0,1.0,0.471575073730894,{'L': 108879},0
S,1235,0.7557637605,0.6666666667,7.208021080527724,"{'C': 108814, 'F': 66}",0
S,1236,1.0,1.0,0.471575073730894,{'C': 108879},0
S,1237,0.8040814734,0.6077004701,13.420533843579515,"{'M': 108158, 'V': 123, 'I': 592}",0
S,1238,0.0071001296,0.6666666667,5.213608074706225,"{'T': 108858, 'I': 19}",1
S,1239,1.0,1.0,1.826143273003233,{'S': 108877},0
S,1240,1.0,1.0,2.85662999285846,{'C': 108874},0
S,1241,1.0,1.0,0.0,{'C': 108880},0
S,1242,1.0,1.0,1.458592669911837,{'S': 108879},0
S,1243,0.9938458191,0.6564097335,7.287884297919579,"{'C': 108833, 'F': 43}",0
S,1244,1.0,1.0,1.556448613450706,{'L': 108876},0
S,1245,1.0,1.0,2.69984033628523,{'K': 108875},0
S,1246,1.0,1.0,1.242404114453572,{'G': 108876},0
S,1247,0.1203715614,0.1457289502,11.367854560939435,"{'C': 108668, 'F': 206}",0
S,1248,1.0,1.0,2.8257012660389282,{'C': 108874},0
S,1249,0.1792895059,0.6666666667,2.919479998012273,{'S': 108875},0
S,1250,0.2354192284,0.6666666667,6.121626394252948,"{'C': 108861, 'F': 18}",0
S,1251,0.1690866052,0.6666666667,7.164724165561756,"{'G': 108808, 'V': 44, 'A': 17}",0
S,1252,0.1727508518,0.1963215371,9.558174245582356,"{'S': 108707, 'F': 157, 'P': 9}",0
S,1253,1.0,1.0,4.453766401290816,{'C': 108867},0
S,1254,1.0,0.6666666667,3.5042230481115233,"{'C': 108870, 'F': 2}",0
S,1255,1.0,0.6666666667,3.707992909614976,{'K': 108845},0
S,1256,1.0,1.0,0.0,{'F': 108880},0
S,1257,0.0028089513,0.6666666667,0.690912317326659,{'D': 108878},1
S,1258,1.0,0.6666666667,8.288713600302202,{'E': 108711},0
S,1259,0.3225600588,0.6666666667,8.968063779607318,"{'D': 108655, 'Y': 131}",0
S,1260,0.0383152977,0.0543474896,3.034264848055147,"{'D': 108844, 'A': 1, 'N': 27, 'E': 2}",1
S,1261,0.1490011298,0.1739922499,6.421991905094575,"{'S': 108838, 'F': 20, 'L': 1, 'P': 3}",0
S,1262,0.4285259593,0.3726476599,6.634238945687541,"{'E': 108845, 'D': 23, 'S': 1, 'V': 1}",0
S,1263,0.2442916701,0.2592633781,11.70962995742537,"{'P': 108496, 'L': 176, 'R': 195, 'S': 1}",0
S,1264,0.8243060523,0.603414892,9.039722698665411,"{'V': 108736, 'L': 126, 'F': 2}",0
S,1265,0.00647405,0.0109387535,7.569749423540031,"{'L': 108839, 'F': 30}",3
S,1266,1.0,1.0,1.829134150378121,{'K': 108878},0
S,1267,1.0,0.6666666667,4.083111841827271,"{'G': 108863, 'E': 2}",0
S,1268,0.3634916061,0.6666666667,3.425204001023659,{'V': 108872},0
S,1269,1.0,1.0,2.805259346114948,{'K': 108872},0
S,1270,0.0736255762,0.6666666667,4.510779762265187,"{'L': 108848, 'F': 1}",0
S,1271,0.0988072958,0.6666666667,4.250936966460118,"{'H': 108848, 'I': 1, 'L': 1, 'Y': 1}",0
S,1272,0.2065795996,0.6666666667,4.684183592943756,"{'Y': 108843, 'N': 1, 'I': 1}",0
S,1273,1.0,0.6666666667,4.397521238128209,"{'T': 108845, 'I': 1, 'A': 2}",0
